-- phpMyAdmin SQL Dump
-- version 4.8.5
-- https://www.phpmyadmin.net/
--
-- Хост: std-mysql
-- Время создания: Май 28 2019 г., 16:12
-- Версия сервера: 5.7.26-0ubuntu0.16.04.1
-- Версия PHP: 7.2.14

SET SQL_MODE = "NO_AUTO_VALUE_ON_ZERO";
SET AUTOCOMMIT = 0;
START TRANSACTION;
SET time_zone = "+00:00";


/*!40101 SET @OLD_CHARACTER_SET_CLIENT=@@CHARACTER_SET_CLIENT */;
/*!40101 SET @OLD_CHARACTER_SET_RESULTS=@@CHARACTER_SET_RESULTS */;
/*!40101 SET @OLD_COLLATION_CONNECTION=@@COLLATION_CONNECTION */;
/*!40101 SET NAMES utf8mb4 */;

--
-- База данных: `std_807`
--

-- --------------------------------------------------------

--
-- Структура таблицы `answers`
--

CREATE TABLE `answers` (
  `id` int(10) UNSIGNED NOT NULL,
  `text` text COLLATE utf8mb4_unicode_ci NOT NULL
) ENGINE=InnoDB DEFAULT CHARSET=utf8mb4 COLLATE=utf8mb4_unicode_ci;

--
-- Дамп данных таблицы `answers`
--

INSERT INTO `answers` (`id`, `text`) VALUES
(26, 'У одного компьютера может быть только один MAC адрес.'),
(27, 'У одного компьютера может быть несколько MAC адресов.'),
(28, 'У одного компьютера может быть множество MAC адресов.'),
(29, 'У компьютера нет MAC адреса.'),
(30, 'Концентраторы сжимают (концентрируют) проходящий через них трафик.'),
(31, 'Коммутаторы хранят внутреннюю таблицу коммутации и передают пакет на тот порт, на котором находится MAC назначения'),
(32, 'Концентраторы имеют таблицу коммутации, запоминая IP адреса всех проходящих кадров.'),
(33, 'Коммутаторы и концентраторы - это одно и то же.'),
(34, 'Коммутаторы работают на физическом уровне, это более умные устройства.'),
(38, 'На этот IP адрес отправляются все пакеты, которые не удалось передать напрямую узлу и для которых неизвестен точный маршрут.'),
(39, 'С этого IP адреса компьютер получает настройки IP, маски подсети и DNS-сервера.'),
(40, 'На этот IP адрес отправляются все пакеты, в адресе источника которых стоит IP этой же подсети.'),
(41, 'Все пакеты, отправленные на этот IP возвращаются обратно.'),
(42, 'Узел с этим IP преобразует доменные имена в IP адреса и наоборот.'),
(43, 'Место стоянки рыболовных судов.'),
(44, 'Стандартный дистрибутив в ОС FreeBSD для работы в сети.'),
(45, 'Параметр протоколов TCP и UDP.'),
(46, 'Интерфейс передачи данных.'),
(47, 'Входящий пакет.'),
(48, 'Информационная защита.'),
(49, 'Интерфейсное преобразование.'),
(50, 'Интернет протокол.'),
(51, 'Шина, кольцо, звезда, решетка'),
(52, 'Прямая, параллельная, перекрестная.'),
(53, 'Топологическая, логическая, смешанная.'),
(54, 'Вектор, сингулярность, параллельность.'),
(55, 'выполняет отправку данных указанному узлу сети, при этом отображая сведения о всех промежуточных маршрутизаторах, через которые прошли данные на пути к целевому узлу.'),
(56, 'это служебная компьютерная программа, предназначенная для проверки соединений в сетях на основе TCP/IP.'),
(57, 'предоставляет информацию о латентности сети и потерях данных на промежуточных узлах между исходным пунктом и пунктом назначения.'),
(58, 'служебная компьютерная программа, целью которой является управление таблицами маршрутизации.'),
(59, 'Один'),
(60, 'Четыре.'),
(61, 'Восемь.'),
(62, 'Их количество ни чем не ограничено.'),
(63, 'Количеством клиентов.'),
(64, 'Уровнем модели ОСИ.'),
(65, 'Это совершенно разные вещи и сравнивать их нельзя.'),
(66, 'Ничем, за исключением того что ДНС работает с именами.'),
(67, 'Предоставление доменного имени.'),
(68, 'Услуга предоставления платформы для создания сайта.'),
(69, 'Услуга по созданию сайта.'),
(70, 'Предоставление услуг связи.'),
(71, 'Web-сервировка'),
(72, 'Web-распечатка'),
(73, 'Web-изданием'),
(74, 'Web- демонстрация'),
(75, 'Web- дизайн'),
(76, 'Паскаль'),
(77, 'Бейсик'),
(78, 'Си'),
(79, 'Си++'),
(80, 'Html'),
(81, 'рецентрализованную'),
(82, 'децентрализованную'),
(83, 'централизованную'),
(84, 'децентрализованную'),
(85, 'контрольную'),
(86, 'Web- ПК'),
(87, 'Web-центре'),
(88, 'Web-де центре'),
(89, 'Web-сервере'),
(90, 'Web-мини центре'),
(91, 'сценариев GGI'),
(92, 'сценариев YTU'),
(93, 'сценариев CGI'),
(94, 'сценариев FIP'),
(95, 'сценариев DSFG'),
(96, 'адресом PIT'),
(97, 'адресом YUO'),
(98, 'адресом LIP'),
(99, 'адресом URL'),
(100, 'адресом GHJ'),
(101, 'на поэтапный протокол передачи, адрес компьютера и путь поиска документа на ПК'),
(102, 'на переходной протокол передачи, адрес компьютера и путь поиска документа на ПК'),
(103, 'на прикладной протокол передачи, адрес компьютера и путь поиска документа на ПК'),
(104, 'на главный протокол передачи, адрес компьютера и путь поиска документа на ПК'),
(105, 'на средний протокол передачи, адрес компьютера и путь поиска документа на ПК'),
(106, 'служба имен документов'),
(107, 'служба имен доменов'),
(108, 'служба знакомств'),
(109, 'служба имен поиска'),
(110, 'служба имен путей'),
(111, 'символ точки'),
(112, 'символ левонаклонной черты'),
(113, 'символ косой черты'),
(114, 'символ знака препинания'),
(115, 'символ правонаклонной черты'),
(116, 'сервер'),
(117, 'архиватор'),
(118, 'локальный файл'),
(119, 'глобальный диск'),
(120, 'браузер'),
(121, 'CGI'),
(122, 'CSS'),
(123, 'GIF'),
(124, 'CIG'),
(125, 'ICG'),
(126, 'программа общения'),
(127, 'почтовая программа'),
(128, 'язык программирования'),
(129, 'менеджер загрузки'),
(130, 'программа для просмотра HTML-документов'),
(131, 'Internet Explorer, Opera, Netscape Navigator'),
(132, 'Outlook Express, Bat, Cookie'),
(133, 'Apple, Intel, Celeron'),
(134, 'Apache, PHD, CGI'),
(135, 'CSS, Java, HTML'),
(136, 'Outlook Express, The Bat'),
(137, 'отсутствие предоставления доступа к встроенным или автономным средствам для работы'),
(138, 'интерпретация тегов языка html, форматирование и отображение web-страницы'),
(139, 'предоставление средств для отображения мультимедийных и других объектов'),
(140, 'обеспечение автоматизации поиска Web-страниц'),
(141, 'установление связи с web-сервером, на котором храниться документ, и загрузка всех компонентов комбинированного документа'),
(142, 'KHG'),
(143, 'IGH'),
(144, 'IPU'),
(145, 'FTP'),
(146, 'LPI'),
(147, 'перечень текущего web-документа'),
(148, 'производительности действующего соединения с Интернетом'),
(149, 'содержания текущего web-документа'),
(150, 'личных предпочтений индивидуального пользователя'),
(151, 'свойств видеосистемы ПК'),
(152, 'фото'),
(153, 'архивных файлов'),
(154, 'звука'),
(155, 'видео'),
(156, 'гипертекста'),
(157, 'адреса сайтов, которые вы часто посещаете'),
(158, 'список самых популярных сайтов мира'),
(159, 'список всех сайтов, которые вы когда-либо посещали'),
(160, 'адреса всех сайтов в мире'),
(161, 'список самых непопулярных сайтов мира'),
(162, 'noipdomain-lookup'),
(163, 'netdiagnos'),
(164, 'ip route'),
(165, 'ping'),
(166, 'На 3 м'),
(167, 'На 1 м'),
(168, 'На 2 м'),
(169, 'На 4-ом'),
(170, 'Для показа IP адреса маршрутизатора'),
(171, 'Для вывода коллизий на роутере'),
(172, 'Для показа оптимального маршрута в сети'),
(173, 'Для проверки таблицы маршрутизации роутера'),
(174, 'show vlan'),
(175, 'table vlan'),
(176, 'vlans'),
(177, 'name vlan'),
(178, 'Для создания статической таблицы маршрутизации'),
(179, 'Для создания динамической таблицы маршрутизации'),
(180, 'Каждый протокол маршрутизации использует свою систему оценки маршрутов'),
(181, 'Для подсчета процента ошибок при выполнении команды ping'),
(182, 'Консольный порт USB'),
(183, 'Консольный порт COM1 или COM2'),
(184, 'Консольный порт LPT'),
(185, 'Комбинацией клавиш Shift + D'),
(186, 'Комбинацией клавиш Shift + S'),
(187, 'Комбинацией клавиш Shift + К'),
(188, 'Комбинацией клавиш Shift + М'),
(189, 'Microsoft'),
(190, 'Apple'),
(191, 'D-link'),
(192, 'Cisco'),
(193, 'Кольцо'),
(194, 'Звезда'),
(195, 'Треугольник'),
(196, 'Шина'),
(197, '6'),
(198, '5'),
(199, '4'),
(200, 'Часто используется'),
(201, 'Мало кем используется'),
(202, 'Никогда не используется'),
(203, 'Удаляет объект или группу объектов'),
(204, 'Добавляет подпись в любой части проекта'),
(205, 'Используется для увеличения объектов'),
(206, 'одного объекта'),
(207, 'трех объектов'),
(208, 'одного или более объектов'),
(209, 'малых проектов'),
(210, 'средних проектов'),
(211, 'больших проектов'),
(212, 'в любой части проекта'),
(213, 'в правой части проекта'),
(214, 'в левой части проекта'),
(215, 'не используется для увеличения объектов'),
(216, 'используется для уменьшения объектов'),
(217, 'четырехугольников'),
(218, 'окружностей'),
(219, 'четырехугольников и окружностей'),
(220, 'подключения для объектов топологии проекта'),
(221, 'отключения для объектов топологии проекта'),
(222, 'соединения для объектов топологии проекта'),
(223, 'Switches'),
(224, 'Routers'),
(225, 'End devices'),
(226, '2'),
(227, '4'),
(228, '5'),
(229, '3'),
(230, 'HTTP и DNS'),
(231, 'DNS и EMAIL'),
(232, 'DHCP и DNS'),
(233, 'FTP и DNS'),
(234, '192.168.1.0/24'),
(235, '10.0.0.0/8'),
(236, '210.210.210.0/24'),
(237, '200.200.200.0/24'),
(238, '10.0.0.0/8 и 210.210.210.0/24'),
(239, '192.168.1.0/24 и 210.210.210.0/24'),
(240, '192.168.1.0/24 и 10.0.0.0/8'),
(241, '1'),
(242, '10.0.0.1/8'),
(243, '210.210.210.3/24'),
(244, '192.168.1.1/24'),
(245, '10.0.0.5/8'),
(246, '10.0.0.6/8'),
(247, 'с DHCP сервера'),
(248, '192.168.1.2/24'),
(249, 'ip route'),
(250, 'interface fa0/0'),
(251, 'ip address ip mask'),
(252, 'no shutdown'),
(253, 'Статическим'),
(254, 'DHCP'),
(255, 'У ПК1 не установлен ip адрес'),
(256, '10.0.0.1'),
(257, '10.0.0.2'),
(258, '192.168.2.1'),
(259, '192.168.1.2'),
(260, 'Server1.rambler.ru'),
(261, 'Server1.mail.ru'),
(262, 'Server1.yandex.ru'),
(263, 'Server1.google.ru'),
(264, 'Dns show server1'),
(265, 'nslookup www.rambler.ru'),
(266, 'ipconfig /all'),
(267, 'aliases server1.rambler.ru'),
(268, '10.0.0.2'),
(269, '10.0.0.1'),
(270, '192.168.1.1'),
(271, '192.168.2.1'),
(272, 'New ip'),
(273, 'Ipconfig /all'),
(274, 'Ipconfig /renew'),
(275, 'Ip address new'),
(276, 'Скорость порта, направление'),
(277, 'Количество подключений к порту, скорость'),
(278, 'Направление, дальность в хопах'),
(279, 'Enable'),
(280, 'Conf t'),
(281, 'Int fa0/0'),
(282, 'Show vlan'),
(283, 'Router RIP'),
(284, 'RIP enable'),
(285, 'Enable router'),
(286, 'Show ip route'),
(287, 'network 10.1.0.0, network 10.3.0.0, network 192.168.10.0'),
(288, 'network 10.4.0.0, network 10.1.0.0, network 192.168.20.0'),
(289, 'network 192.168.1.0, network 10.2.0.0, network 192.168.20.0'),
(290, 'network 192.168.10.0, network 10.1.0.0, network 192.168.30.0'),
(291, 'Version 1'),
(292, 'Version 2'),
(293, 'Version 3'),
(294, 'У протокола RIP нет версии'),
(295, 'Wr mem'),
(296, 'Do wr'),
(297, 'Save settings'),
(298, 'End');

-- --------------------------------------------------------

--
-- Структура таблицы `comments`
--

CREATE TABLE `comments` (
  `id` int(10) UNSIGNED NOT NULL,
  `text` text COLLATE utf8mb4_unicode_ci NOT NULL,
  `parent` int(10) UNSIGNED NOT NULL,
  `practical_id` int(10) UNSIGNED DEFAULT NULL,
  `user_id` int(10) UNSIGNED DEFAULT NULL,
  `practical_user_id` int(10) UNSIGNED DEFAULT NULL,
  `theory_id` int(10) UNSIGNED DEFAULT NULL,
  `created_at` timestamp NULL DEFAULT NULL,
  `updated_at` timestamp NULL DEFAULT NULL
) ENGINE=InnoDB DEFAULT CHARSET=utf8mb4 COLLATE=utf8mb4_unicode_ci;

--
-- Дамп данных таблицы `comments`
--

INSERT INTO `comments` (`id`, `text`, `parent`, `practical_id`, `user_id`, `practical_user_id`, `theory_id`, `created_at`, `updated_at`) VALUES
(44, 'Отлично!', 0, NULL, 29, NULL, 2, '2019-05-23 13:05:39', '2019-05-23 13:05:39'),
(45, 'Ужасная работа!', 0, NULL, 29, 14, NULL, '2019-05-23 13:07:06', '2019-05-23 13:07:06'),
(47, 'Исправлю', 45, NULL, 1, 14, NULL, '2019-05-23 13:46:59', '2019-05-23 13:46:59'),
(48, 'sdjflsakdjflsakdfsdaf', 0, NULL, 29, 20, NULL, '2019-05-25 12:31:58', '2019-05-25 12:31:58'),
(49, 'fsdgdfgsfdg', 0, NULL, 16, 25, NULL, '2019-05-25 12:33:29', '2019-05-25 12:33:29'),
(50, 'Молодец', 49, NULL, 29, 25, NULL, '2019-05-25 12:34:29', '2019-05-25 12:34:29');

-- --------------------------------------------------------

--
-- Структура таблицы `data_rows`
--

CREATE TABLE `data_rows` (
  `id` int(10) UNSIGNED NOT NULL,
  `data_type_id` int(10) UNSIGNED NOT NULL,
  `field` varchar(191) COLLATE utf8mb4_unicode_ci NOT NULL,
  `type` varchar(191) COLLATE utf8mb4_unicode_ci NOT NULL,
  `display_name` varchar(191) COLLATE utf8mb4_unicode_ci NOT NULL,
  `required` tinyint(1) NOT NULL DEFAULT '0',
  `browse` tinyint(1) NOT NULL DEFAULT '1',
  `read` tinyint(1) NOT NULL DEFAULT '1',
  `edit` tinyint(1) NOT NULL DEFAULT '1',
  `add` tinyint(1) NOT NULL DEFAULT '1',
  `delete` tinyint(1) NOT NULL DEFAULT '1',
  `details` text COLLATE utf8mb4_unicode_ci,
  `order` int(11) NOT NULL DEFAULT '1'
) ENGINE=InnoDB DEFAULT CHARSET=utf8mb4 COLLATE=utf8mb4_unicode_ci;

--
-- Дамп данных таблицы `data_rows`
--

INSERT INTO `data_rows` (`id`, `data_type_id`, `field`, `type`, `display_name`, `required`, `browse`, `read`, `edit`, `add`, `delete`, `details`, `order`) VALUES
(1, 1, 'id', 'number', 'ID', 1, 0, 0, 0, 0, 0, '{}', 1),
(2, 1, 'name', 'text', 'Имя', 1, 1, 1, 1, 1, 1, '{}', 2),
(3, 1, 'email', 'text', 'Email', 1, 1, 1, 1, 1, 1, '{}', 3),
(4, 1, 'password', 'password', 'Пароль', 1, 0, 0, 1, 1, 0, '{}', 4),
(5, 1, 'remember_token', 'text', 'Токен восстановления', 0, 0, 0, 0, 0, 0, '{}', 5),
(6, 1, 'created_at', 'timestamp', 'Дата создания', 0, 1, 1, 0, 0, 0, '{}', 6),
(7, 1, 'updated_at', 'timestamp', 'Дата обновления', 0, 0, 0, 0, 0, 0, '{}', 7),
(8, 1, 'avatar', 'image', 'Аватар', 1, 1, 1, 1, 1, 1, '{}', 8),
(9, 1, 'user_belongsto_role_relationship', 'relationship', 'Роль', 0, 1, 1, 1, 0, 0, '{\"model\":\"TCG\\\\Voyager\\\\Models\\\\Role\",\"table\":\"roles\",\"type\":\"belongsTo\",\"column\":\"role_id\",\"key\":\"id\",\"label\":\"display_name\",\"pivot_table\":\"roles\",\"pivot\":\"0\",\"taggable\":\"0\"}', 10),
(10, 1, 'user_belongstomany_role_relationship', 'relationship', 'Roles', 0, 1, 1, 1, 0, 0, '{\"model\":\"TCG\\\\Voyager\\\\Models\\\\Role\",\"table\":\"roles\",\"type\":\"belongsToMany\",\"column\":\"id\",\"key\":\"id\",\"label\":\"display_name\",\"pivot_table\":\"user_roles\",\"pivot\":\"1\",\"taggable\":\"0\"}', 11),
(11, 1, 'settings', 'hidden', 'Settings', 0, 0, 0, 0, 0, 0, '{}', 12),
(12, 2, 'id', 'number', 'ID', 1, 0, 0, 0, 0, 0, '{}', 1),
(13, 2, 'name', 'text', 'Имя', 1, 1, 1, 1, 1, 1, '{\"validation\":{\"rule\":\"required|max:100\",\"messages\":{\"required\":\"\\u041f\\u043e\\u043b\\u0435 :attribute \\u0434\\u043e\\u043b\\u0436\\u043d\\u043e \\u0431\\u044b\\u0442\\u044c \\u0437\\u0430\\u043f\\u043e\\u043b\\u043d\\u0435\\u043d\\u043e.\",\"max\":\"\\u041c\\u0430\\u043a\\u0441\\u0438\\u043c\\u0430\\u043b\\u044c\\u043d\\u0430\\u044f \\u0434\\u043b\\u0438\\u043d\\u0430 \\u043f\\u043e\\u043b\\u044f :attribute \\u0440\\u0430\\u0432\\u043d\\u0430 :max \\u0441\\u0438\\u043c\\u0432\\u043e\\u043b\\u043e\\u0432.\"}}}', 2),
(14, 2, 'created_at', 'timestamp', 'Дата создания', 0, 0, 0, 0, 0, 0, '{}', 3),
(15, 2, 'updated_at', 'timestamp', 'Дата обновления', 0, 0, 0, 0, 0, 0, '{}', 4),
(16, 3, 'id', 'number', 'ID', 1, 0, 0, 0, 0, 0, '{}', 1),
(17, 3, 'name', 'text', 'Имя', 1, 1, 1, 1, 1, 1, '{\"validation\":{\"rule\":\"required|max:191\",\"messages\":{\"required\":\"\\u041f\\u043e\\u043b\\u0435 :attribute \\u0434\\u043e\\u043b\\u0436\\u043d\\u043e \\u0431\\u044b\\u0442\\u044c \\u0437\\u0430\\u043f\\u043e\\u043b\\u043d\\u0435\\u043d\\u043e.\",\"max\":\"\\u041c\\u0430\\u043a\\u0441\\u0438\\u043c\\u0430\\u043b\\u044c\\u043d\\u0430\\u044f \\u0434\\u043b\\u0438\\u043d\\u0430 \\u043f\\u043e\\u043b\\u044f :attribute \\u0440\\u0430\\u0432\\u043d\\u0430 :max \\u0441\\u0438\\u043c\\u0432\\u043e\\u043b\\u043e\\u0432.\"}}}', 2),
(18, 3, 'created_at', 'timestamp', 'Дата создания', 0, 0, 0, 0, 0, 0, '{}', 4),
(19, 3, 'updated_at', 'timestamp', 'Дата обновления', 0, 0, 0, 0, 0, 0, '{}', 5),
(20, 3, 'display_name', 'text', 'Отображаемое имя', 1, 1, 1, 1, 1, 1, '{\"validation\":{\"rule\":\"required|max:191\",\"messages\":{\"required\":\"\\u041f\\u043e\\u043b\\u0435 :attribute \\u0434\\u043e\\u043b\\u0436\\u043d\\u043e \\u0431\\u044b\\u0442\\u044c \\u0437\\u0430\\u043f\\u043e\\u043b\\u043d\\u0435\\u043d\\u043e.\",\"max\":\"\\u041c\\u0430\\u043a\\u0441\\u0438\\u043c\\u0430\\u043b\\u044c\\u043d\\u0430\\u044f \\u0434\\u043b\\u0438\\u043d\\u0430 \\u043f\\u043e\\u043b\\u044f :attribute \\u0440\\u0430\\u0432\\u043d\\u0430 :max \\u0441\\u0438\\u043c\\u0432\\u043e\\u043b\\u043e\\u0432.\"}}}', 3),
(21, 1, 'role_id', 'select_dropdown', 'Роль', 0, 1, 1, 1, 1, 1, '{}', 9),
(22, 4, 'id', 'text', 'Id', 1, 0, 0, 0, 0, 0, '{}', 1),
(23, 4, 'name', 'text', 'Название', 1, 1, 1, 1, 1, 1, '{\"validation\":{\"rule\":\"required|max:100\",\"messages\":{\"required\":\"\\u041f\\u043e\\u043b\\u0435 :attribute \\u0434\\u043e\\u043b\\u0436\\u043d\\u043e \\u0431\\u044b\\u0442\\u044c \\u0437\\u0430\\u043f\\u043e\\u043b\\u043d\\u0435\\u043d\\u043e.\",\"max\":\"\\u041c\\u0430\\u043a\\u0441\\u0438\\u043c\\u0430\\u043b\\u044c\\u043d\\u0430\\u044f \\u0434\\u043b\\u0438\\u043d\\u0430 \\u043f\\u043e\\u043b\\u044f :attribute \\u0440\\u0430\\u0432\\u043d\\u0430 :max \\u0441\\u0438\\u043c\\u0432\\u043e\\u043b\\u043e\\u0432.\"}}}', 3),
(25, 4, 'description', 'text', 'Описание', 1, 1, 1, 1, 1, 1, '{\"validation\":{\"rule\":\"required|max:65000\",\"messages\":{\"required\":\"\\u041f\\u043e\\u043b\\u0435 :attribute \\u0434\\u043e\\u043b\\u0436\\u043d\\u043e \\u0431\\u044b\\u0442\\u044c \\u0437\\u0430\\u043f\\u043e\\u043b\\u043d\\u0435\\u043d\\u043e.\",\"max\":\"\\u041c\\u0430\\u043a\\u0441\\u0438\\u043c\\u0430\\u043b\\u044c\\u043d\\u0430\\u044f \\u0434\\u043b\\u0438\\u043d\\u0430 \\u043f\\u043e\\u043b\\u044f :attribute \\u0440\\u0430\\u0432\\u043d\\u0430 :max \\u0441\\u0438\\u043c\\u0432\\u043e\\u043b\\u043e\\u0432.\"}}}', 5),
(26, 4, 'body', 'rich_text_box', 'Содержание', 1, 1, 1, 1, 1, 1, '{\"validation\":{\"rule\":\"required|max:65000\",\"messages\":{\"required\":\"\\u041f\\u043e\\u043b\\u0435 :attribute \\u0434\\u043e\\u043b\\u0436\\u043d\\u043e \\u0431\\u044b\\u0442\\u044c \\u0437\\u0430\\u043f\\u043e\\u043b\\u043d\\u0435\\u043d\\u043e.\",\"max\":\"\\u041c\\u0430\\u043a\\u0441\\u0438\\u043c\\u0430\\u043b\\u044c\\u043d\\u0430\\u044f \\u0434\\u043b\\u0438\\u043d\\u0430 \\u043f\\u043e\\u043b\\u044f :attribute \\u0440\\u0430\\u0432\\u043d\\u0430 :max \\u0441\\u0438\\u043c\\u0432\\u043e\\u043b\\u043e\\u0432.\"}}}', 6),
(27, 4, 'file', 'file', 'Файл', 1, 1, 1, 1, 1, 1, '{\"validation\":{\"rule\":\"nullable|max:1000\",\"messages\":{\"max\":\"\\u041c\\u0430\\u043a\\u0441\\u0438\\u043c\\u0430\\u043b\\u044c\\u043d\\u0430\\u044f \\u0434\\u043b\\u0438\\u043d\\u0430 \\u043f\\u043e\\u043b\\u044f :attribute \\u0440\\u0430\\u0432\\u043d\\u0430 :max \\u0441\\u0438\\u043c\\u0432\\u043e\\u043b\\u043e\\u0432.\"}}}', 7),
(28, 4, 'image', 'image', 'Изображение', 1, 1, 1, 1, 1, 1, '{\"validation\":{\"rule\":\"nullable|max:500\",\"messages\":{\"max\":\"\\u041c\\u0430\\u043a\\u0441\\u0438\\u043c\\u0430\\u043b\\u044c\\u043d\\u0430\\u044f \\u0434\\u043b\\u0438\\u043d\\u0430 \\u043f\\u043e\\u043b\\u044f :attribute \\u0440\\u0430\\u0432\\u043d\\u0430 :max \\u0441\\u0438\\u043c\\u0432\\u043e\\u043b\\u043e\\u0432.\"}},\"resize\":{\"width\":\"1000\",\"height\":null},\"quality\":\"100%\",\"upsize\":true}', 8),
(29, 4, 'user_id', 'select_dropdown', 'User Id', 0, 1, 1, 1, 1, 1, '{\"validation\":{\"rule\":\"required|exists:users,id\",\"messages\":{\"required\":\"\\u041f\\u043e\\u043b\\u0435 :attribute \\u0434\\u043e\\u043b\\u0436\\u043d\\u043e \\u0431\\u044b\\u0442\\u044c \\u0437\\u0430\\u043f\\u043e\\u043b\\u043d\\u0435\\u043d\\u043e.\",\"exists\":\"\\u041f\\u043e\\u043b\\u044c\\u0437\\u043e\\u0432\\u0430\\u0442\\u0435\\u043b\\u044f :input \\u043d\\u0435 \\u0441\\u0443\\u0449\\u0435\\u0441\\u0442\\u0432\\u0443\\u0435\\u0442\"}}}', 2),
(30, 4, 'created_at', 'timestamp', 'Создана', 0, 1, 1, 1, 0, 1, '{}', 9),
(31, 4, 'updated_at', 'timestamp', 'Обновлена', 0, 1, 0, 0, 0, 0, '{}', 10),
(32, 4, 'practical_belongsto_user_relationship', 'relationship', 'Пользователь', 0, 1, 1, 1, 1, 1, '{\"model\":\"App\\\\User\",\"table\":\"users\",\"type\":\"belongsTo\",\"column\":\"user_id\",\"key\":\"id\",\"label\":\"name\",\"pivot_table\":\"comments\",\"pivot\":\"0\",\"taggable\":\"0\"}', 11),
(37, 6, 'id', 'text', 'Id', 1, 0, 0, 0, 0, 0, '{}', 1),
(38, 6, 'name', 'text', 'Название', 1, 1, 1, 1, 1, 1, '{\"validation\":{\"rule\":\"required|max:191\",\"messages\":{\"required\":\"\\u041f\\u043e\\u043b\\u0435 :attribute \\u0434\\u043e\\u043b\\u0436\\u043d\\u043e \\u0431\\u044b\\u0442\\u044c \\u0437\\u0430\\u043f\\u043e\\u043b\\u043d\\u0435\\u043d\\u043e.\",\"max\":\"\\u041c\\u0430\\u043a\\u0441\\u0438\\u043c\\u0430\\u043b\\u044c\\u043d\\u0430\\u044f \\u0434\\u043b\\u0438\\u043d\\u0430 \\u043f\\u043e\\u043b\\u044f :attribute \\u0440\\u0430\\u0432\\u043d\\u0430 :max \\u0441\\u0438\\u043c\\u0432\\u043e\\u043b\\u043e\\u0432.\"}}}', 2),
(39, 6, 'score', 'number', 'Оценка', 1, 1, 1, 1, 1, 1, '{\"step\":\"1\",\"min\":\"0\",\"max\":\"100\"}', 3),
(40, 7, 'id', 'text', 'Id', 1, 0, 0, 0, 0, 0, '{}', 1),
(41, 7, 'practical_id', 'text', 'Practical Id', 0, 1, 1, 1, 1, 1, '{\"validation\":{\"rule\":\"required|exists:practicals,id\",\"messages\":{\"required\":\"\\u041f\\u043e\\u043b\\u0435 :attribute \\u0434\\u043e\\u043b\\u0436\\u043d\\u043e \\u0431\\u044b\\u0442\\u044c \\u0437\\u0430\\u043f\\u043e\\u043b\\u043d\\u0435\\u043d\\u043e.\",\"exists\":\"\\u041b\\u0430\\u0431\\u043e\\u0440\\u0430\\u0442\\u043e\\u0440\\u043d\\u043e\\u0439 \\u0440\\u0430\\u0431\\u043e\\u0442\\u044b :input \\u043d\\u0435 \\u0441\\u0443\\u0449\\u0435\\u0441\\u0442\\u0432\\u0443\\u0435\\u0442\"}}}', 2),
(42, 7, 'user_id', 'select_dropdown', 'User Id', 0, 1, 1, 1, 1, 1, '{\"validation\":{\"rule\":\"required|exists:users,id\",\"messages\":{\"required\":\"\\u041f\\u043e\\u043b\\u0435 :attribute \\u0434\\u043e\\u043b\\u0436\\u043d\\u043e \\u0431\\u044b\\u0442\\u044c \\u0437\\u0430\\u043f\\u043e\\u043b\\u043d\\u0435\\u043d\\u043e.\",\"exists\":\"\\u041f\\u043e\\u043b\\u044c\\u0437\\u043e\\u0432\\u0430\\u0442\\u0435\\u043b\\u044f :input \\u043d\\u0435 \\u0441\\u0443\\u0449\\u0435\\u0441\\u0442\\u0432\\u0443\\u0435\\u0442\"}}}', 3),
(43, 7, 'score_id', 'select_dropdown', 'Score Id', 0, 1, 1, 1, 1, 1, '{\"validation\":{\"rule\":\"required|exists:scores,id\",\"messages\":{\"required\":\"\\u041f\\u043e\\u043b\\u0435 :attribute \\u0434\\u043e\\u043b\\u0436\\u043d\\u043e \\u0431\\u044b\\u0442\\u044c \\u0437\\u0430\\u043f\\u043e\\u043b\\u043d\\u0435\\u043d\\u043e.\",\"exists\":\"\\u041e\\u0446\\u0435\\u043d\\u043a\\u0438 :input \\u043d\\u0435 \\u0441\\u0443\\u0449\\u0435\\u0441\\u0442\\u0432\\u0443\\u0435\\u0442\"}}}', 4),
(44, 7, 'created_at', 'timestamp', 'Добавлена', 0, 1, 1, 1, 0, 1, '{}', 5),
(45, 7, 'updated_at', 'timestamp', 'Обновлена', 0, 0, 0, 0, 0, 0, '{}', 6),
(46, 7, 'file', 'file', 'Файл работы', 1, 1, 1, 1, 1, 1, '{\"validation\":{\"rule\":\"required\",\"messages\":{\"required\":\"\\u041f\\u043e\\u043b\\u0435 :attribute \\u0434\\u043e\\u043b\\u0436\\u043d\\u043e \\u0431\\u044b\\u0442\\u044c \\u0437\\u0430\\u043f\\u043e\\u043b\\u043d\\u0435\\u043d\\u043e.\"}},\"allowed\":[\"zip\",\"rar\",\"7z\"]}', 10),
(47, 7, 'practical_user_belongsto_practical_relationship', 'relationship', 'Лабораторная', 0, 1, 1, 1, 1, 1, '{\"model\":\"App\\\\Practical\",\"table\":\"practicals\",\"type\":\"belongsTo\",\"column\":\"practical_id\",\"key\":\"id\",\"label\":\"name\",\"pivot_table\":\"comments\",\"pivot\":\"0\",\"taggable\":\"0\"}', 7),
(48, 7, 'practical_user_belongsto_user_relationship', 'relationship', 'Студент', 0, 1, 1, 1, 1, 1, '{\"model\":\"App\\\\User\",\"table\":\"users\",\"type\":\"belongsTo\",\"column\":\"user_id\",\"key\":\"id\",\"label\":\"name\",\"pivot_table\":\"comments\",\"pivot\":\"0\",\"taggable\":\"0\"}', 8),
(49, 7, 'practical_user_belongsto_score_relationship', 'relationship', 'Оценка', 0, 1, 1, 1, 1, 1, '{\"model\":\"App\\\\Score\",\"table\":\"scores\",\"type\":\"belongsTo\",\"column\":\"score_id\",\"key\":\"id\",\"label\":\"score\",\"pivot_table\":\"comments\",\"pivot\":\"0\",\"taggable\":\"0\"}', 9),
(50, 8, 'id', 'text', 'Id', 1, 0, 0, 0, 0, 0, '{}', 1),
(51, 8, 'text', 'text', 'Текст', 1, 1, 1, 1, 1, 1, '{\"validation\":{\"rule\":\"required|max:400\",\"messages\":{\"required\":\"\\u041f\\u043e\\u043b\\u0435 :attribute \\u0434\\u043e\\u043b\\u0436\\u043d\\u043e \\u0431\\u044b\\u0442\\u044c \\u0437\\u0430\\u043f\\u043e\\u043b\\u043d\\u0435\\u043d\\u043e.\",\"max\":\"\\u041c\\u0430\\u043a\\u0441\\u0438\\u043c\\u0430\\u043b\\u044c\\u043d\\u0430\\u044f \\u0434\\u043b\\u0438\\u043d\\u0430 \\u043f\\u043e\\u043b\\u044f :attribute \\u0440\\u0430\\u0432\\u043d\\u0430 :max \\u0441\\u0438\\u043c\\u0432\\u043e\\u043b\\u043e\\u0432.\"}}}', 3),
(52, 8, 'user_id', 'select_dropdown', 'Пользователь', 0, 1, 1, 1, 1, 1, '{\"validation\":{\"rule\":\"required|exists:users,id\",\"messages\":{\"required\":\"\\u041f\\u043e\\u043b\\u0435 :attribute \\u0434\\u043e\\u043b\\u0436\\u043d\\u043e \\u0431\\u044b\\u0442\\u044c \\u0437\\u0430\\u043f\\u043e\\u043b\\u043d\\u0435\\u043d\\u043e.\",\"exists\":\"\\u041f\\u043e\\u043b\\u044c\\u0437\\u043e\\u0432\\u0430\\u0442\\u0435\\u043b\\u044c :input \\u043d\\u0435 \\u0441\\u0443\\u0449\\u0435\\u0441\\u0442\\u0432\\u0443\\u0435\\u0442.\"}}}', 2),
(53, 8, 'status', 'checkbox', 'Прочитано', 1, 1, 1, 1, 1, 1, '{\"on\":\"\\u041f\\u0440\\u043e\\u0447\\u0438\\u0442\\u0430\\u043d\\u043d\\u043e\\u0435\",\"off\":\"\\u041d\\u0435\\u043f\\u0440\\u043e\\u0447\\u0438\\u0442\\u0430\\u043d\\u043d\\u043e\\u0435\"}', 4),
(54, 8, 'created_at', 'timestamp', 'Создано', 0, 1, 1, 1, 0, 1, '{}', 5),
(55, 8, 'updated_at', 'timestamp', 'Обновлено', 0, 0, 0, 0, 0, 0, '{}', 6),
(56, 8, 'notice_belongsto_user_relationship', 'relationship', 'Пользователь', 0, 1, 1, 1, 1, 1, '{\"model\":\"App\\\\User\",\"table\":\"users\",\"type\":\"belongsTo\",\"column\":\"user_id\",\"key\":\"id\",\"label\":\"name\",\"pivot_table\":\"comments\",\"pivot\":\"0\",\"taggable\":\"0\"}', 7),
(57, 9, 'id', 'text', 'Id', 1, 0, 0, 0, 0, 0, '{}', 1),
(58, 9, 'name', 'text', 'Название', 1, 1, 1, 1, 1, 1, '{\"validation\":{\"rule\":\"required|max:100\",\"messages\":{\"required\":\"\\u041f\\u043e\\u043b\\u0435 :attribute \\u0434\\u043e\\u043b\\u0436\\u043d\\u043e \\u0431\\u044b\\u0442\\u044c \\u0437\\u0430\\u043f\\u043e\\u043b\\u043d\\u0435\\u043d\\u043e.\",\"max\":\"\\u041c\\u0430\\u043a\\u0441\\u0438\\u043c\\u0430\\u043b\\u044c\\u043d\\u0430\\u044f \\u0434\\u043b\\u0438\\u043d\\u0430 \\u043f\\u043e\\u043b\\u044f :attribute \\u0440\\u0430\\u0432\\u043d\\u0430 :max \\u0441\\u0438\\u043c\\u0432\\u043e\\u043b\\u043e\\u0432.\"}}}', 3),
(59, 9, 'program_id', 'select_dropdown', 'Program Id', 0, 1, 1, 1, 1, 1, '{\"validation\":{\"rule\":\"required|exists:programs,id\",\"messages\":{\"required\":\"\\u041f\\u043e\\u043b\\u0435 :attribute \\u0434\\u043e\\u043b\\u0436\\u043d\\u043e \\u0431\\u044b\\u0442\\u044c \\u0437\\u0430\\u043f\\u043e\\u043b\\u043d\\u0435\\u043d\\u043e.\",\"exists\":\"\\u041e\\u0431\\u0440\\u0430\\u0437\\u043e\\u0432\\u0430\\u0442\\u0435\\u043b\\u044c\\u043d\\u043e\\u0439 \\u043f\\u0440\\u043e\\u0433\\u0440\\u0430\\u043c\\u043c\\u044b :input \\u043d\\u0435 \\u0441\\u0443\\u0449\\u0435\\u0441\\u0442\\u0432\\u0443\\u0435\\u0442.\"}}}', 2),
(60, 9, 'created_at', 'timestamp', 'Добавлена', 0, 1, 1, 1, 0, 1, '{}', 4),
(61, 9, 'updated_at', 'timestamp', 'Обновлена', 0, 0, 0, 0, 0, 0, '{}', 5),
(62, 9, 'group_belongsto_program_relationship', 'relationship', 'Образовательная программа', 0, 1, 1, 1, 1, 1, '{\"model\":\"App\\\\Program\",\"table\":\"programs\",\"type\":\"belongsTo\",\"column\":\"program_id\",\"key\":\"id\",\"label\":\"name\",\"pivot_table\":\"comments\",\"pivot\":\"0\",\"taggable\":\"0\"}', 6),
(63, 10, 'id', 'text', 'Id', 1, 0, 0, 0, 0, 0, '{}', 1),
(64, 10, 'text', 'text', 'Текст', 1, 1, 1, 1, 1, 1, '{\"validation\":{\"rule\":\"required|max:500\",\"messages\":{\"required\":\"\\u041f\\u043e\\u043b\\u0435 :attribute \\u0434\\u043e\\u043b\\u0436\\u043d\\u043e \\u0431\\u044b\\u0442\\u044c \\u0437\\u0430\\u043f\\u043e\\u043b\\u043d\\u0435\\u043d\\u043e.\",\"max\":\"\\u041c\\u0430\\u043a\\u0441\\u0438\\u043c\\u0430\\u043b\\u044c\\u043d\\u0430\\u044f \\u0434\\u043b\\u0438\\u043d\\u0430 \\u043f\\u043e\\u043b\\u044f :attribute \\u0440\\u0430\\u0432\\u043d\\u043e :max \\u0441\\u0438\\u043c\\u0432\\u043e\\u043b\\u043e\\u0432.\"}}}', 4),
(65, 10, 'parent', 'text', 'Родитель комментария', 1, 1, 1, 1, 1, 1, '{\"validation\":{\"rule\":\"required|integer|exists:comments,id\",\"messages\":{\"required\":\"\\u041f\\u043e\\u043b\\u0435 :attribute \\u0434\\u043e\\u043b\\u0436\\u043d\\u043e \\u0431\\u044b\\u0442\\u044c \\u0437\\u0430\\u043f\\u043e\\u043b\\u043d\\u0435\\u043d\\u043e.\",\"exists\":\"\\u0414\\u0430\\u043d\\u043d\\u043e\\u0433\\u043e \\u0440\\u043e\\u0434\\u0438\\u0442\\u0435\\u043b\\u044c\\u0441\\u043a\\u043e\\u0433\\u043e \\u043a\\u043e\\u043c\\u043c\\u0435\\u043d\\u0442\\u0430\\u0440\\u0438\\u044f \\u043d\\u0435 \\u0441\\u0443\\u0449\\u0435\\u0441\\u0442\\u0432\\u0443\\u0435\\u0442.\"}}}', 7),
(66, 10, 'practical_id', 'text', 'Practical Id', 0, 1, 1, 1, 1, 1, '{\"validation\":{\"rule\":\"required\",\"messages\":{\"required\":\"\\u041f\\u043e\\u043b\\u0435 :attribute \\u0434\\u043e\\u043b\\u0436\\u043d\\u043e \\u0431\\u044b\\u0442\\u044c \\u0437\\u0430\\u043f\\u043e\\u043b\\u043d\\u0435\\u043d\\u043e.\"}}}', 2),
(67, 10, 'user_id', 'text', 'User Id', 0, 1, 1, 1, 1, 1, '{\"validation\":{\"rule\":\"required\",\"messages\":{\"required\":\"\\u041f\\u043e\\u043b\\u0435 :attribute \\u0434\\u043e\\u043b\\u0436\\u043d\\u043e \\u0431\\u044b\\u0442\\u044c \\u0437\\u0430\\u043f\\u043e\\u043b\\u043d\\u0435\\u043d\\u043e.\"}}}', 3),
(68, 10, 'created_at', 'timestamp', 'Создан', 0, 1, 1, 1, 0, 1, '{}', 8),
(69, 10, 'updated_at', 'timestamp', 'Обновлен', 0, 0, 0, 0, 0, 0, '{}', 9),
(70, 10, 'comment_belongsto_practical_relationship', 'relationship', 'Лабораторная работа', 0, 1, 1, 1, 1, 1, '{\"model\":\"App\\\\Practical\",\"table\":\"practicals\",\"type\":\"belongsTo\",\"column\":\"practical_id\",\"key\":\"id\",\"label\":\"name\",\"pivot_table\":\"comments\",\"pivot\":\"0\",\"taggable\":\"0\"}', 5),
(71, 10, 'comment_belongsto_user_relationship', 'relationship', 'Пользователь', 0, 1, 1, 1, 1, 1, '{\"model\":\"App\\\\User\",\"table\":\"users\",\"type\":\"belongsTo\",\"column\":\"user_id\",\"key\":\"id\",\"label\":\"name\",\"pivot_table\":\"comments\",\"pivot\":\"0\",\"taggable\":\"0\"}', 6),
(72, 11, 'id', 'text', 'Id', 1, 0, 0, 0, 0, 0, '{}', 1),
(73, 11, 'text', 'text', 'Текст', 1, 1, 1, 1, 1, 1, '{\"validation\":{\"rule\":\"required|max:65000\",\"messages\":{\"required\":\"\\u041f\\u043e\\u043b\\u0435 :attribute \\u0434\\u043e\\u043b\\u0436\\u043d\\u043e \\u0431\\u044b\\u0442\\u044c \\u0437\\u0430\\u043f\\u043e\\u043b\\u043d\\u0435\\u043d\\u043e.\",\"max\":\"\\u041c\\u0430\\u043a\\u0441\\u0438\\u043c\\u0430\\u043b\\u044c\\u043d\\u0430\\u044f \\u0434\\u043b\\u0438\\u043d\\u0430 \\u043f\\u043e\\u043b\\u044f :attribute \\u0440\\u0430\\u0432\\u043d\\u0430 :max \\u0441\\u0438\\u043c\\u0432\\u043e\\u043b\\u043e\\u0432.\"}}}', 3),
(74, 11, 'topic', 'text', 'Тема', 1, 1, 1, 1, 1, 1, '{\"validation\":{\"rule\":\"required|max:191\",\"messages\":{\"required\":\"\\u041f\\u043e\\u043b\\u0435 :attribute \\u0434\\u043e\\u043b\\u0436\\u043d\\u043e \\u0431\\u044b\\u0442\\u044c \\u0437\\u0430\\u043f\\u043e\\u043b\\u043d\\u0435\\u043d\\u043e.\",\"max\":\"\\u041c\\u0430\\u043a\\u0441\\u0438\\u043c\\u0430\\u043b\\u044c\\u043d\\u0430\\u044f \\u0434\\u043b\\u0438\\u043d\\u0430 \\u043f\\u043e\\u043b\\u044f :attribute \\u0440\\u0430\\u0432\\u043d\\u0430 :max \\u0441\\u0438\\u043c\\u0432\\u043e\\u043b\\u043e\\u0432.\"}}}', 4),
(75, 11, 'section', 'text', 'Раздел', 1, 1, 1, 1, 1, 1, '{\"validation\":{\"rule\":\"required|max:191\",\"messages\":{\"required\":\"\\u041f\\u043e\\u043b\\u0435 :attribute \\u0434\\u043e\\u043b\\u0436\\u043d\\u043e \\u0431\\u044b\\u0442\\u044c \\u0437\\u0430\\u043f\\u043e\\u043b\\u043d\\u0435\\u043d\\u043e.\",\"max\":\"\\u041c\\u0430\\u043a\\u0441\\u0438\\u043c\\u0430\\u043b\\u044c\\u043d\\u0430\\u044f \\u0434\\u043b\\u0438\\u043d\\u0430 \\u043f\\u043e\\u043b\\u044f :attribute \\u0440\\u0430\\u0432\\u043d\\u0430 :max \\u0441\\u0438\\u043c\\u0432\\u043e\\u043b\\u043e\\u0432.\"}}}', 5),
(76, 11, 'user_id', 'text', 'User Id', 1, 1, 1, 1, 1, 1, '{\"validation\":{\"rule\":\"required|exists:users,id\",\"messages\":{\"required\":\"\\u041f\\u043e\\u043b\\u0435 :attribute \\u0434\\u043e\\u043b\\u0436\\u043d\\u043e \\u0431\\u044b\\u0442\\u044c \\u0437\\u0430\\u043f\\u043e\\u043b\\u043d\\u0435\\u043d\\u043e.\",\"exists\":\"\\u041f\\u043e\\u043b\\u044c\\u0437\\u043e\\u0432\\u0430\\u0442\\u0435\\u043b\\u044c :input \\u043d\\u0435 \\u0441\\u0443\\u0449\\u0435\\u0441\\u0442\\u0432\\u0443\\u0435\\u0442.\"}}}', 2),
(77, 11, 'created_at', 'timestamp', 'Создан', 0, 1, 1, 1, 0, 1, '{}', 6),
(78, 11, 'updated_at', 'timestamp', 'Обновлен', 0, 0, 0, 0, 0, 0, '{}', 7),
(79, 11, 'feedback_belongsto_user_relationship', 'relationship', 'users', 0, 1, 1, 1, 1, 1, '{\"model\":\"App\\\\User\",\"table\":\"users\",\"type\":\"belongsTo\",\"column\":\"user_id\",\"key\":\"id\",\"label\":\"name\",\"pivot_table\":\"comments\",\"pivot\":\"0\",\"taggable\":\"0\"}', 8),
(89, 13, 'id', 'text', 'Id', 1, 0, 0, 0, 0, 0, '{}', 1),
(90, 13, 'group_id', 'select_dropdown', 'Group Id', 0, 1, 1, 1, 1, 1, '{\"validation\":{\"rule\":\"required|exists:groups,id\",\"messages\":{\"required\":\"\\u041f\\u043e\\u043b\\u0435 :attribute \\u0434\\u043e\\u043b\\u0436\\u043d\\u043e \\u0431\\u044b\\u0442\\u044c \\u0437\\u0430\\u043f\\u043e\\u043b\\u043d\\u0435\\u043d\\u043e.\",\"exists\":\"\\u0413\\u0440\\u0443\\u043f\\u043f\\u044b :input \\u043d\\u0435 \\u0441\\u0443\\u0449\\u0435\\u0441\\u0442\\u0432\\u0443\\u0435\\u0442.\"}}}', 2),
(91, 13, 'user_id', 'select_dropdown', 'User Id', 0, 1, 1, 1, 1, 1, '{\"validation\":{\"rule\":\"required|exists:users,id\",\"messages\":{\"required\":\"\\u041f\\u043e\\u043b\\u0435 :attribute \\u0434\\u043e\\u043b\\u0436\\u043d\\u043e \\u0431\\u044b\\u0442\\u044c \\u0437\\u0430\\u043f\\u043e\\u043b\\u043d\\u0435\\u043d\\u043e.\",\"exists\":\"\\u041f\\u043e\\u043b\\u044c\\u0437\\u043e\\u0432\\u0430\\u0442\\u0435\\u043b\\u044c :input \\u043d\\u0435 \\u0441\\u0443\\u0449\\u0435\\u0441\\u0442\\u0432\\u0443\\u0435\\u0442.\"}}}', 3),
(92, 13, 'group_user_belongsto_group_relationship', 'relationship', 'Группа', 0, 1, 1, 1, 1, 1, '{\"model\":\"App\\\\Group\",\"table\":\"groups\",\"type\":\"belongsTo\",\"column\":\"group_id\",\"key\":\"id\",\"label\":\"name\",\"pivot_table\":\"comments\",\"pivot\":\"0\",\"taggable\":\"0\"}', 4),
(93, 13, 'group_user_belongsto_user_relationship', 'relationship', 'Преподаватель', 0, 1, 1, 1, 1, 1, '{\"model\":\"App\\\\User\",\"table\":\"users\",\"type\":\"belongsTo\",\"column\":\"user_id\",\"key\":\"id\",\"label\":\"name\",\"pivot_table\":\"comments\",\"pivot\":\"0\",\"taggable\":\"0\"}', 5),
(94, 14, 'id', 'text', 'Id', 1, 0, 0, 0, 0, 0, '{}', 1),
(95, 14, 'group_id', 'text', 'Группа', 0, 1, 1, 1, 1, 1, '{\"validation\":{\"rule\":\"required|exists:groups,id\",\"messages\":{\"required\":\"\\u041f\\u043e\\u043b\\u0435 :attribute \\u0434\\u043e\\u043b\\u0436\\u043d\\u043e \\u0431\\u044b\\u0442\\u044c \\u0437\\u0430\\u043f\\u043e\\u043b\\u043d\\u0435\\u043d\\u043e.\",\"exists\":\"\\u0417\\u043d\\u0430\\u0447\\u0435\\u043d\\u0438\\u0435 :input \\u043d\\u0435 \\u0441\\u0443\\u0449\\u0435\\u0441\\u0442\\u0432\\u0443\\u0435\\u0442\"}}}', 2),
(96, 14, 'practical_id', 'text', 'Лабораторная работа', 0, 1, 1, 1, 1, 1, '{\"validation\":{\"rule\":\"required|exists:practicals,id\",\"messages\":{\"required\":\"\\u041f\\u043e\\u043b\\u0435 :attribute \\u0434\\u043e\\u043b\\u0436\\u043d\\u043e \\u0431\\u044b\\u0442\\u044c \\u0437\\u0430\\u043f\\u043e\\u043b\\u043d\\u0435\\u043d\\u043e.\",\"exists\":\"\\u0417\\u043d\\u0430\\u0447\\u0435\\u043d\\u0438\\u0435 :input \\u043d\\u0435 \\u0441\\u0443\\u0449\\u0435\\u0441\\u0442\\u0432\\u0443\\u0435\\u0442\"}}}', 3),
(97, 14, 'access', 'checkbox', 'Доступ', 1, 1, 1, 1, 1, 1, '{\"on\":\"\\u0420\\u0430\\u0437\\u0440\\u0435\\u0448\\u0438\\u0442\\u044c\",\"off\":\"\\u0417\\u0430\\u043f\\u0440\\u0435\\u0442\\u0438\\u0442\\u044c\"}', 6),
(98, 14, 'group_practical_belongsto_group_relationship', 'relationship', 'Группа', 0, 1, 1, 1, 1, 1, '{\"model\":\"App\\\\Group\",\"table\":\"groups\",\"type\":\"belongsTo\",\"column\":\"group_id\",\"key\":\"id\",\"label\":\"name\",\"pivot_table\":\"comments\",\"pivot\":\"0\",\"taggable\":\"0\"}', 4),
(99, 14, 'group_practical_belongsto_practical_relationship', 'relationship', 'Лабораторная работа', 0, 1, 1, 1, 1, 1, '{\"model\":\"App\\\\Practical\",\"table\":\"practicals\",\"type\":\"belongsTo\",\"column\":\"practical_id\",\"key\":\"id\",\"label\":\"name\",\"pivot_table\":\"comments\",\"pivot\":\"0\",\"taggable\":\"0\"}', 5),
(119, 1, 'email_verified_at', 'timestamp', 'Email Verified At', 0, 0, 0, 0, 0, 0, '{}', 6),
(120, 1, 'phone', 'text', 'Phone', 0, 1, 0, 0, 0, 0, '{}', 7),
(121, 1, 'group_id', 'select_multiple', 'Group Id', 0, 0, 0, 0, 0, 0, '{}', 3),
(124, 16, 'id', 'text', 'Id', 1, 0, 0, 0, 0, 0, '{}', 1),
(125, 16, 'text', 'text', 'Вариант ответа', 1, 1, 1, 1, 1, 1, '{\"validation\":{\"rule\":\"required\",\"messages\":{\"required\":\"\\u041f\\u043e\\u043b\\u0435 :attribute \\u0434\\u043e\\u043b\\u0436\\u043d\\u043e \\u0431\\u044b\\u0442\\u044c \\u0437\\u0430\\u043f\\u043e\\u043b\\u043d\\u0435\\u043d\\u043e.\"}}}', 2),
(133, 19, 'id', 'text', 'Id', 1, 0, 0, 0, 0, 0, '{}', 1),
(134, 19, 'text', 'text', 'Ответ', 1, 1, 1, 1, 1, 1, '{\"validation\":{\"rule\":\"required|max:65000\",\"messages\":{\"required\":\"\\u041f\\u043e\\u043b\\u0435 :attribute \\u0434\\u043e\\u043b\\u0436\\u043d\\u043e \\u0431\\u044b\\u0442\\u044c \\u0437\\u0430\\u043f\\u043e\\u043b\\u043d\\u0435\\u043d\\u043e.\",\"max\":\"\\u041c\\u0430\\u043a\\u0441\\u0438\\u043c\\u0430\\u043b\\u044c\\u043d\\u0430\\u044f \\u0434\\u043b\\u0438\\u043d\\u0430 \\u043f\\u043e\\u043b\\u044f :attribute \\u0440\\u0430\\u0432\\u043d\\u0430 :max \\u0441\\u0438\\u043c\\u0432\\u043e\\u043b\\u043e\\u0432.\"}}}', 2),
(137, 21, 'id', 'text', 'Id', 1, 0, 0, 0, 0, 0, '{}', 1),
(138, 21, 'name', 'text', 'Название', 1, 1, 1, 1, 1, 1, '{\"validation\":{\"rule\":\"required|max:191\",\"messages\":{\"required\":\"\\u041f\\u043e\\u043b\\u0435 :attribute \\u0434\\u043e\\u043b\\u0436\\u043d\\u043e \\u0431\\u044b\\u0442\\u044c \\u0437\\u0430\\u043f\\u043e\\u043b\\u043d\\u0435\\u043d\\u043e.\",\"max\":\"\\u041c\\u0430\\u043a\\u0441\\u0438\\u043c\\u0430\\u043b\\u044c\\u043d\\u0430\\u044f \\u0434\\u043b\\u0438\\u043d\\u0430 \\u043f\\u043e\\u043b\\u044f :attribute \\u0440\\u0430\\u0432\\u043d\\u0430 :max \\u0441\\u0438\\u043c\\u0432\\u043e\\u043b\\u043e\\u0432.\"}}}', 2),
(139, 21, 'created_at', 'timestamp', 'Запись создана', 0, 1, 1, 1, 0, 1, '{}', 3),
(140, 21, 'updated_at', 'timestamp', 'Запись обновлена', 0, 0, 0, 0, 0, 0, '{}', 4),
(141, 22, 'id', 'text', 'Id', 1, 0, 0, 0, 0, 0, '{}', 1),
(142, 22, 'text', 'text', 'Вопрос', 1, 1, 1, 1, 1, 1, '{\"validation\":{\"rule\":\"required|max:65000\",\"messages\":{\"required\":\"\\u041f\\u043e\\u043b\\u0435 :attribute \\u0434\\u043e\\u043b\\u0436\\u043d\\u043e \\u0431\\u044b\\u0442\\u044c \\u0437\\u0430\\u043f\\u043e\\u043b\\u043d\\u0435\\u043d\\u043e.\",\"max\":\"\\u041c\\u0430\\u043a\\u0441\\u0438\\u043c\\u0430\\u043b\\u044c\\u043d\\u0430\\u044f \\u0434\\u043b\\u0438\\u043d\\u0430 \\u043f\\u043e\\u043b\\u044f :attribute \\u0440\\u0430\\u0432\\u043d\\u0430 :max \\u0441\\u0438\\u043c\\u0432\\u043e\\u043b\\u043e\\u0432.\"}}}', 2),
(143, 22, 'question_belongstomany_answer_relationship', 'relationship', 'Ответы на вопрос', 0, 1, 1, 1, 1, 1, '{\"model\":\"App\\\\Answer\",\"table\":\"answers\",\"type\":\"belongsToMany\",\"column\":\"id\",\"key\":\"id\",\"label\":\"text\",\"pivot_table\":\"question_answer\",\"pivot\":\"1\",\"taggable\":\"0\"}', 3),
(144, 22, 'true_answer', 'select_dropdown', 'Правильный ответ', 0, 1, 1, 1, 1, 1, '{\"validation\":{\"rule\":\"required|exists:answers,id\",\"messages\":{\"required\":\"\\u041f\\u043e\\u043b\\u0435 :attribute \\u0434\\u043e\\u043b\\u0436\\u043d\\u043e \\u0431\\u044b\\u0442\\u044c \\u0437\\u0430\\u043f\\u043e\\u043b\\u043d\\u0435\\u043d\\u043e.\",\"exists\":\"\\u041f\\u043e\\u043b\\u0435 :attribute \\u043d\\u0435 \\u043d\\u0430\\u0439\\u0434\\u0435\\u043d\\u043e \\u0441\\u0440\\u0435\\u0434\\u0438 \\u0432\\u043e\\u043f\\u0440\\u043e\\u0441\\u043e\\u0432\"}}}', 2),
(145, 22, 'question_belongsto_answer_relationship', 'relationship', 'Правильный ответ', 0, 1, 1, 1, 1, 1, '{\"model\":\"App\\\\Answer\",\"table\":\"answers\",\"type\":\"belongsTo\",\"column\":\"true_answer\",\"key\":\"id\",\"label\":\"text\",\"pivot_table\":\"answers\",\"pivot\":\"0\",\"taggable\":\"0\"}', 4),
(146, 23, 'id', 'text', 'Id', 1, 0, 0, 0, 0, 0, '{}', 1),
(147, 23, 'name', 'text', 'Name', 1, 1, 1, 1, 1, 1, '{\"validation\":{\"rule\":\"required|max:191\",\"messages\":{\"required\":\"\\u041f\\u043e\\u043b\\u0435 :attribute \\u0434\\u043e\\u043b\\u0436\\u043d\\u043e \\u0431\\u044b\\u0442\\u044c \\u0437\\u0430\\u043f\\u043e\\u043b\\u043d\\u0435\\u043d\\u043e.\",\"max\":\"\\u041c\\u0430\\u043a\\u0441\\u0438\\u043c\\u0430\\u043b\\u044c\\u043d\\u0430\\u044f \\u0434\\u043b\\u0438\\u043d\\u0430 \\u043f\\u043e\\u043b\\u044f :attribute \\u0440\\u0430\\u0432\\u043d\\u0430 :max \\u0441\\u0438\\u043c\\u0432\\u043e\\u043b\\u043e\\u0432.\"}}}', 2),
(148, 23, 'description', 'text', 'Description', 1, 1, 1, 1, 1, 1, '{\"validation\":{\"rule\":\"required|max:191\",\"messages\":{\"required\":\"\\u041f\\u043e\\u043b\\u0435 :attribute \\u0434\\u043e\\u043b\\u0436\\u043d\\u043e \\u0431\\u044b\\u0442\\u044c \\u0437\\u0430\\u043f\\u043e\\u043b\\u043d\\u0435\\u043d\\u043e.\",\"max\":\"\\u041c\\u0430\\u043a\\u0441\\u0438\\u043c\\u0430\\u043b\\u044c\\u043d\\u0430\\u044f \\u0434\\u043b\\u0438\\u043d\\u0430 \\u043f\\u043e\\u043b\\u044f :attribute \\u0440\\u0430\\u0432\\u043d\\u0430 :max \\u0441\\u0438\\u043c\\u0432\\u043e\\u043b\\u043e\\u0432.\"}}}', 3),
(149, 23, 'created_at', 'timestamp', 'Дата создания', 0, 1, 1, 1, 0, 1, '{}', 5),
(150, 23, 'updated_at', 'timestamp', 'Дата обновления', 0, 0, 0, 0, 0, 0, '{}', 6),
(151, 23, 'task_belongstomany_question_relationship', 'relationship', 'Вопросы в тесте', 0, 1, 1, 1, 1, 1, '{\"model\":\"App\\\\Question\",\"table\":\"questions\",\"type\":\"belongsToMany\",\"column\":\"id\",\"key\":\"id\",\"label\":\"text\",\"pivot_table\":\"task_question\",\"pivot\":\"1\",\"taggable\":\"0\"}', 4),
(152, 1, 'city', 'text', 'City', 1, 0, 0, 0, 0, 0, '{}', 14),
(153, 1, 'status', 'text', 'Status', 1, 0, 0, 0, 0, 0, '{}', 15),
(154, 1, 'vk', 'text', 'Vk', 1, 0, 0, 0, 0, 0, '{}', 16),
(155, 1, 'facebook', 'text', 'Facebook', 1, 0, 0, 0, 0, 0, '{}', 17),
(156, 24, 'id', 'text', 'Id', 1, 0, 0, 0, 0, 0, '{}', 1),
(157, 24, 'group_id', 'select_dropdown', 'Group Id', 0, 1, 1, 1, 1, 1, '{\"validation\":{\"rule\":\"required|exists:groups,id\",\"messages\":{\"required\":\"\\u041f\\u043e\\u043b\\u0435 :attribute \\u0434\\u043e\\u043b\\u0436\\u043d\\u043e \\u0431\\u044b\\u0442\\u044c \\u0437\\u0430\\u043f\\u043e\\u043b\\u043d\\u0435\\u043d\\u043e.\",\"exists\":\"\\u0417\\u043d\\u0430\\u0447\\u0435\\u043d\\u0438\\u0435 :input \\u043d\\u0435 \\u0441\\u0443\\u0449\\u0435\\u0441\\u0442\\u0432\\u0443\\u0435\\u0442\"}}}', 2),
(158, 24, 'task_id', 'select_dropdown', 'Task Id', 0, 1, 1, 1, 1, 1, '{\"validation\":{\"rule\":\"required|exists:tasks,id\",\"messages\":{\"required\":\"\\u041f\\u043e\\u043b\\u0435 :attribute \\u0434\\u043e\\u043b\\u0436\\u043d\\u043e \\u0431\\u044b\\u0442\\u044c \\u0437\\u0430\\u043f\\u043e\\u043b\\u043d\\u0435\\u043d\\u043e.\",\"exists\":\"\\u0417\\u043d\\u0430\\u0447\\u0435\\u043d\\u0438\\u0435 :input \\u043d\\u0435 \\u0441\\u0443\\u0449\\u0435\\u0441\\u0442\\u0432\\u0443\\u0435\\u0442\"}}}', 3),
(159, 24, 'access', 'checkbox', 'Доступ', 1, 1, 1, 1, 1, 1, '{\"on\":\"\\u0420\\u0430\\u0437\\u0440\\u0435\\u0448\\u0438\\u0442\\u044c\",\"off\":\"\\u0417\\u0430\\u043f\\u0440\\u0435\\u0442\\u0438\\u0442\\u044c\"}', 6),
(160, 24, 'group_task_belongsto_group_relationship', 'relationship', 'Группа', 0, 1, 1, 1, 1, 1, '{\"model\":\"App\\\\Group\",\"table\":\"groups\",\"type\":\"belongsTo\",\"column\":\"group_id\",\"key\":\"id\",\"label\":\"name\",\"pivot_table\":\"answers\",\"pivot\":\"0\",\"taggable\":\"0\"}', 4),
(161, 24, 'group_task_belongsto_task_relationship', 'relationship', 'Тест', 0, 1, 1, 1, 1, 1, '{\"model\":\"App\\\\Task\",\"table\":\"tasks\",\"type\":\"belongsTo\",\"column\":\"task_id\",\"key\":\"id\",\"label\":\"name\",\"pivot_table\":\"answers\",\"pivot\":\"0\",\"taggable\":\"0\"}', 5),
(162, 25, 'id', 'text', 'Id', 1, 0, 0, 0, 0, 0, '{}', 1),
(163, 25, 'name', 'text', 'Название', 1, 1, 1, 1, 1, 1, '{\"validation\":{\"rule\":\"required|max:100\",\"messages\":{\"required\":\"\\u041f\\u043e\\u043b\\u0435 :attribute \\u0434\\u043e\\u043b\\u0436\\u043d\\u043e \\u0431\\u044b\\u0442\\u044c \\u0437\\u0430\\u043f\\u043e\\u043b\\u043d\\u0435\\u043d\\u043e.\",\"max\":\"\\u041c\\u0430\\u043a\\u0441\\u0438\\u043c\\u0430\\u043b\\u044c\\u043d\\u0430\\u044f \\u0434\\u043b\\u0438\\u043d\\u0430 \\u043f\\u043e\\u043b\\u044f :attribute \\u0440\\u0430\\u0432\\u043d\\u0430 :max \\u0441\\u0438\\u043c\\u0432\\u043e\\u043b\\u043e\\u0432.\"}}}', 2),
(164, 25, 'description', 'text', 'Описание', 1, 1, 1, 1, 1, 1, '{\"validation\":{\"rule\":\"required|max:65000\",\"messages\":{\"required\":\"\\u041f\\u043e\\u043b\\u0435 :attribute \\u0434\\u043e\\u043b\\u0436\\u043d\\u043e \\u0431\\u044b\\u0442\\u044c \\u0437\\u0430\\u043f\\u043e\\u043b\\u043d\\u0435\\u043d\\u043e.\",\"max\":\"\\u041c\\u0430\\u043a\\u0441\\u0438\\u043c\\u0430\\u043b\\u044c\\u043d\\u0430\\u044f \\u0434\\u043b\\u0438\\u043d\\u0430 \\u043f\\u043e\\u043b\\u044f :attribute \\u0440\\u0430\\u0432\\u043d\\u0430 :max \\u0441\\u0438\\u043c\\u0432\\u043e\\u043b\\u043e\\u0432.\"}}}', 3),
(165, 25, 'body', 'rich_text_box', 'Теоретический материал', 1, 1, 1, 1, 1, 1, '{\"validation\":{\"rule\":\"required|max:65000\",\"messages\":{\"required\":\"\\u041f\\u043e\\u043b\\u0435 :attribute \\u0434\\u043e\\u043b\\u0436\\u043d\\u043e \\u0431\\u044b\\u0442\\u044c \\u0437\\u0430\\u043f\\u043e\\u043b\\u043d\\u0435\\u043d\\u043e.\",\"max\":\"\\u041c\\u0430\\u043a\\u0441\\u0438\\u043c\\u0430\\u043b\\u044c\\u043d\\u0430\\u044f \\u0434\\u043b\\u0438\\u043d\\u0430 \\u043f\\u043e\\u043b\\u044f :attribute \\u0440\\u0430\\u0432\\u043d\\u0430 :max \\u0441\\u0438\\u043c\\u0432\\u043e\\u043b\\u043e\\u0432.\"}}}', 4),
(166, 25, 'image', 'image', 'Постер', 1, 1, 1, 1, 1, 1, '{\"validation\":{\"rule\":\"nullable|max:200\",\"messages\":{\"max\":\"\\u041c\\u0430\\u043a\\u0441\\u0438\\u043c\\u0430\\u043b\\u044c\\u043d\\u0430\\u044f \\u0434\\u043b\\u0438\\u043d\\u0430 \\u043f\\u043e\\u043b\\u044f :attribute \\u0440\\u0430\\u0432\\u043d\\u0430 :max \\u0441\\u0438\\u043c\\u0432\\u043e\\u043b\\u043e\\u0432.\"}}}', 5),
(167, 25, 'created_at', 'timestamp', 'Дата создания', 0, 1, 1, 1, 0, 1, '{}', 6),
(168, 25, 'updated_at', 'timestamp', 'Дата обновления', 0, 0, 0, 0, 0, 0, '{}', 7);

-- --------------------------------------------------------

--
-- Структура таблицы `data_types`
--

CREATE TABLE `data_types` (
  `id` int(10) UNSIGNED NOT NULL,
  `name` varchar(191) COLLATE utf8mb4_unicode_ci NOT NULL,
  `slug` varchar(191) COLLATE utf8mb4_unicode_ci NOT NULL,
  `display_name_singular` varchar(191) COLLATE utf8mb4_unicode_ci NOT NULL,
  `display_name_plural` varchar(191) COLLATE utf8mb4_unicode_ci NOT NULL,
  `icon` varchar(191) COLLATE utf8mb4_unicode_ci DEFAULT NULL,
  `model_name` varchar(191) COLLATE utf8mb4_unicode_ci DEFAULT NULL,
  `policy_name` varchar(191) COLLATE utf8mb4_unicode_ci DEFAULT NULL,
  `controller` varchar(191) COLLATE utf8mb4_unicode_ci DEFAULT NULL,
  `description` varchar(191) COLLATE utf8mb4_unicode_ci DEFAULT NULL,
  `generate_permissions` tinyint(1) NOT NULL DEFAULT '0',
  `server_side` tinyint(4) NOT NULL DEFAULT '0',
  `details` text COLLATE utf8mb4_unicode_ci,
  `created_at` timestamp NULL DEFAULT NULL,
  `updated_at` timestamp NULL DEFAULT NULL
) ENGINE=InnoDB DEFAULT CHARSET=utf8mb4 COLLATE=utf8mb4_unicode_ci;

--
-- Дамп данных таблицы `data_types`
--

INSERT INTO `data_types` (`id`, `name`, `slug`, `display_name_singular`, `display_name_plural`, `icon`, `model_name`, `policy_name`, `controller`, `description`, `generate_permissions`, `server_side`, `details`, `created_at`, `updated_at`) VALUES
(1, 'users', 'users', 'Пользователь', 'Пользователи', 'voyager-person', 'TCG\\Voyager\\Models\\User', 'TCG\\Voyager\\Policies\\UserPolicy', 'TCG\\Voyager\\Http\\Controllers\\VoyagerUserController', NULL, 1, 1, '{\"order_column\":null,\"order_display_column\":null,\"order_direction\":\"desc\",\"default_search_key\":null,\"scope\":null}', '2019-03-25 11:44:17', '2019-05-23 12:57:34'),
(2, 'menus', 'menus', 'Меню', 'Меню', 'voyager-list', 'TCG\\Voyager\\Models\\Menu', NULL, NULL, NULL, 1, 1, '{\"order_column\":null,\"order_display_column\":null,\"order_direction\":\"desc\",\"default_search_key\":null,\"scope\":null}', '2019-03-25 11:44:17', '2019-05-14 13:20:44'),
(3, 'roles', 'roles', 'Роль', 'Роли', 'voyager-lock', 'TCG\\Voyager\\Models\\Role', NULL, NULL, NULL, 1, 1, '{\"order_column\":null,\"order_display_column\":null,\"order_direction\":\"desc\",\"default_search_key\":null,\"scope\":null}', '2019-03-25 11:44:17', '2019-05-14 13:38:57'),
(4, 'practicals', 'practicals', 'Лабораторную', 'Лабораторные', 'voyager-receipt', 'App\\Practical', NULL, NULL, NULL, 1, 1, '{\"order_column\":\"id\",\"order_display_column\":\"name\",\"order_direction\":\"asc\",\"default_search_key\":\"name\",\"scope\":null}', '2019-03-25 16:39:00', '2019-05-14 13:36:48'),
(6, 'scores', 'scores', 'Оценку', 'Оценки', 'voyager-book', 'App\\Score', NULL, NULL, NULL, 1, 1, '{\"order_column\":\"id\",\"order_display_column\":\"name\",\"order_direction\":\"asc\",\"default_search_key\":null,\"scope\":null}', '2019-03-31 16:07:20', '2019-05-23 09:57:20'),
(7, 'practical_user', 'practical-user', 'Выполненная работа', 'Выполненные работы', 'voyager-terminal', 'App\\PracticalUser', NULL, NULL, NULL, 1, 1, '{\"order_column\":\"id\",\"order_display_column\":\"user_id\",\"order_direction\":\"asc\",\"default_search_key\":null,\"scope\":null}', '2019-03-31 16:09:28', '2019-05-14 13:32:50'),
(8, 'notices', 'notices', 'Уведомление', 'Уведомления', 'voyager-tag', 'App\\Notice', NULL, NULL, NULL, 1, 1, '{\"order_column\":\"id\",\"order_display_column\":\"text\",\"order_direction\":\"asc\",\"default_search_key\":null,\"scope\":null}', '2019-03-31 16:19:51', '2019-05-14 13:25:06'),
(9, 'groups', 'groups', 'Группа', 'Группы', 'voyager-company', 'App\\Group', NULL, NULL, NULL, 1, 1, '{\"order_column\":\"id\",\"order_display_column\":\"name\",\"order_direction\":\"asc\",\"default_search_key\":null,\"scope\":null}', '2019-03-31 16:23:03', '2019-05-14 13:19:54'),
(10, 'comments', 'comments', 'Комментарий', 'Комментарии', 'voyager-bubble', 'App\\Comment', NULL, NULL, NULL, 1, 1, '{\"order_column\":\"id\",\"order_display_column\":\"text\",\"order_direction\":\"asc\",\"default_search_key\":null,\"scope\":null}', '2019-03-31 16:24:34', '2019-04-03 10:19:21'),
(11, 'feedbacks', 'feedbacks', 'Обратная связь', 'Обратная связь', 'voyager-mail', 'App\\Feedback', NULL, NULL, NULL, 1, 1, '{\"order_column\":\"id\",\"order_display_column\":\"text\",\"order_direction\":\"asc\",\"default_search_key\":null,\"scope\":null}', '2019-03-31 16:29:47', '2019-05-14 13:14:07'),
(13, 'group_user', 'group-user', 'Группы преподавателя', 'Группы преподавателей', 'voyager-documentation', 'App\\GroupUser', NULL, NULL, NULL, 1, 1, '{\"order_column\":null,\"order_display_column\":null,\"order_direction\":\"asc\",\"default_search_key\":null,\"scope\":null}', '2019-04-03 17:10:53', '2019-05-14 13:17:26'),
(14, 'group_practical', 'group-practical', 'Доступ к ЛР', 'Доступ к ЛР', 'voyager-lock', 'App\\GroupPractical', NULL, NULL, NULL, 1, 1, '{\"order_column\":null,\"order_display_column\":null,\"order_direction\":\"asc\",\"default_search_key\":null,\"scope\":null}', '2019-04-03 17:15:34', '2019-04-17 10:43:07'),
(16, 'options', 'options', 'Вариант', 'Варианты', NULL, 'App\\Option', NULL, NULL, NULL, 1, 1, '{\"order_column\":\"id\",\"order_display_column\":\"text\",\"order_direction\":\"asc\",\"default_search_key\":null}', '2019-04-07 10:21:22', '2019-04-07 10:21:22'),
(19, 'answers', 'answers', 'Ответ', 'Ответы', NULL, 'App\\Answer', NULL, NULL, NULL, 1, 1, '{\"order_column\":\"id\",\"order_display_column\":\"text\",\"order_direction\":\"asc\",\"default_search_key\":null,\"scope\":null}', '2019-04-07 10:54:27', '2019-05-14 13:14:59'),
(21, 'programs', 'programs', 'Программу', 'Программы (ОП)', 'voyager-list', 'App\\Program', NULL, NULL, NULL, 1, 1, '{\"order_column\":null,\"order_display_column\":null,\"order_direction\":\"asc\",\"default_search_key\":null,\"scope\":null}', '2019-04-14 15:09:49', '2019-05-23 09:56:05'),
(22, 'questions', 'questions', 'Вопрос', 'Вопросы', NULL, 'App\\Question', NULL, NULL, NULL, 1, 1, '{\"order_column\":\"id\",\"order_display_column\":\"text\",\"order_direction\":\"asc\",\"default_search_key\":null,\"scope\":null}', '2019-04-14 16:03:20', '2019-05-14 13:38:13'),
(23, 'tasks', 'tasks', 'Тестирование', 'Тестирования', NULL, 'App\\Task', NULL, NULL, NULL, 1, 1, '{\"order_column\":\"id\",\"order_display_column\":\"id\",\"order_direction\":\"asc\",\"default_search_key\":null,\"scope\":null}', '2019-04-14 16:10:08', '2019-05-14 13:42:03'),
(24, 'group_task', 'group-task', 'Доступ к тесту', 'Доступ к тестам', NULL, 'App\\GroupTask', NULL, NULL, NULL, 1, 1, '{\"order_column\":null,\"order_display_column\":null,\"order_direction\":\"asc\",\"default_search_key\":null,\"scope\":null}', '2019-04-17 10:39:30', '2019-04-17 10:45:45'),
(25, 'theories', 'theories', 'Теорию', 'Теория', NULL, 'App\\Theory', NULL, NULL, NULL, 1, 1, '{\"order_column\":\"id\",\"order_display_column\":null,\"order_direction\":\"asc\",\"default_search_key\":null,\"scope\":null}', '2019-04-18 19:14:40', '2019-05-14 13:43:23');

-- --------------------------------------------------------

--
-- Структура таблицы `feedbacks`
--

CREATE TABLE `feedbacks` (
  `id` int(10) UNSIGNED NOT NULL,
  `text` text COLLATE utf8mb4_unicode_ci NOT NULL,
  `topic` varchar(191) COLLATE utf8mb4_unicode_ci NOT NULL,
  `section` varchar(191) COLLATE utf8mb4_unicode_ci NOT NULL,
  `user_id` int(10) UNSIGNED NOT NULL,
  `created_at` timestamp NULL DEFAULT NULL,
  `updated_at` timestamp NULL DEFAULT NULL
) ENGINE=InnoDB DEFAULT CHARSET=utf8mb4 COLLATE=utf8mb4_unicode_ci;

--
-- Дамп данных таблицы `feedbacks`
--

INSERT INTO `feedbacks` (`id`, `text`, `topic`, `section`, `user_id`, `created_at`, `updated_at`) VALUES
(1, 'Баг обнаружен', 'Тестовое обращение', 'Баг', 1, '2019-04-22 12:17:27', '2019-04-22 12:17:27');

-- --------------------------------------------------------

--
-- Структура таблицы `groups`
--

CREATE TABLE `groups` (
  `id` int(10) UNSIGNED NOT NULL,
  `name` varchar(100) COLLATE utf8mb4_unicode_ci NOT NULL,
  `program_id` int(10) UNSIGNED DEFAULT NULL,
  `created_at` timestamp NULL DEFAULT NULL,
  `updated_at` timestamp NULL DEFAULT NULL
) ENGINE=InnoDB DEFAULT CHARSET=utf8mb4 COLLATE=utf8mb4_unicode_ci;

--
-- Дамп данных таблицы `groups`
--

INSERT INTO `groups` (`id`, `name`, `program_id`, `created_at`, `updated_at`) VALUES
(1, '151-362', 1, '2019-03-22 22:10:05', '2019-03-23 21:00:00'),
(2, '151-363', 1, '2019-03-30 23:02:45', '2019-03-30 23:02:45'),
(3, '151-322', 2, '2019-03-30 23:02:45', '2019-03-30 23:02:45'),
(4, '161-322', 2, '2019-03-30 23:02:45', '2019-03-30 23:02:45'),
(5, '171-333', 1, '2019-03-30 23:02:45', '2019-03-30 23:02:45');

-- --------------------------------------------------------

--
-- Структура таблицы `group_practical`
--

CREATE TABLE `group_practical` (
  `id` int(10) UNSIGNED NOT NULL,
  `group_id` int(10) UNSIGNED DEFAULT NULL,
  `practical_id` int(10) UNSIGNED DEFAULT NULL,
  `access` tinyint(1) NOT NULL
) ENGINE=InnoDB DEFAULT CHARSET=utf8mb4 COLLATE=utf8mb4_unicode_ci;

--
-- Дамп данных таблицы `group_practical`
--

INSERT INTO `group_practical` (`id`, `group_id`, `practical_id`, `access`) VALUES
(3, 1, 10, 1),
(4, 1, 11, 1),
(5, 1, 12, 1),
(6, 1, 13, 1),
(7, 1, 14, 1),
(8, 1, 15, 1),
(9, 2, 10, 1),
(10, 2, 11, 1),
(11, 1, 16, 1),
(12, 1, 17, 1),
(13, 1, 18, 1),
(14, 1, 19, 1),
(15, 1, 20, 1),
(16, 1, 21, 1);

-- --------------------------------------------------------

--
-- Структура таблицы `group_task`
--

CREATE TABLE `group_task` (
  `id` int(10) UNSIGNED NOT NULL,
  `group_id` int(10) UNSIGNED DEFAULT NULL,
  `task_id` int(10) UNSIGNED DEFAULT NULL,
  `access` tinyint(1) NOT NULL
) ENGINE=InnoDB DEFAULT CHARSET=utf8mb4 COLLATE=utf8mb4_unicode_ci;

--
-- Дамп данных таблицы `group_task`
--

INSERT INTO `group_task` (`id`, `group_id`, `task_id`, `access`) VALUES
(3, 1, 3, 1),
(4, 1, 4, 1),
(5, 1, 5, 1),
(6, 1, 6, 1),
(7, 1, 7, 1),
(8, 1, 8, 1),
(9, 1, 9, 1),
(10, 1, 10, 1);

-- --------------------------------------------------------

--
-- Структура таблицы `group_user`
--

CREATE TABLE `group_user` (
  `id` int(10) UNSIGNED NOT NULL,
  `group_id` int(10) UNSIGNED DEFAULT NULL,
  `user_id` int(10) UNSIGNED DEFAULT NULL
) ENGINE=InnoDB DEFAULT CHARSET=utf8mb4 COLLATE=utf8mb4_unicode_ci;

--
-- Дамп данных таблицы `group_user`
--

INSERT INTO `group_user` (`id`, `group_id`, `user_id`) VALUES
(1, 1, 1),
(2, 2, 1),
(4, 1, 29),
(5, 2, 29);

-- --------------------------------------------------------

--
-- Структура таблицы `menus`
--

CREATE TABLE `menus` (
  `id` int(10) UNSIGNED NOT NULL,
  `name` varchar(191) COLLATE utf8mb4_unicode_ci NOT NULL,
  `created_at` timestamp NULL DEFAULT NULL,
  `updated_at` timestamp NULL DEFAULT NULL
) ENGINE=InnoDB DEFAULT CHARSET=utf8mb4 COLLATE=utf8mb4_unicode_ci;

--
-- Дамп данных таблицы `menus`
--

INSERT INTO `menus` (`id`, `name`, `created_at`, `updated_at`) VALUES
(1, 'admin', '2019-03-25 11:44:18', '2019-03-25 11:44:18');

-- --------------------------------------------------------

--
-- Структура таблицы `menu_items`
--

CREATE TABLE `menu_items` (
  `id` int(10) UNSIGNED NOT NULL,
  `menu_id` int(10) UNSIGNED DEFAULT NULL,
  `title` varchar(191) COLLATE utf8mb4_unicode_ci NOT NULL,
  `url` varchar(191) COLLATE utf8mb4_unicode_ci NOT NULL,
  `target` varchar(191) COLLATE utf8mb4_unicode_ci NOT NULL DEFAULT '_self',
  `icon_class` varchar(191) COLLATE utf8mb4_unicode_ci DEFAULT NULL,
  `color` varchar(191) COLLATE utf8mb4_unicode_ci DEFAULT NULL,
  `parent_id` int(11) DEFAULT NULL,
  `order` int(11) NOT NULL,
  `created_at` timestamp NULL DEFAULT NULL,
  `updated_at` timestamp NULL DEFAULT NULL,
  `route` varchar(191) COLLATE utf8mb4_unicode_ci DEFAULT NULL,
  `parameters` text COLLATE utf8mb4_unicode_ci
) ENGINE=InnoDB DEFAULT CHARSET=utf8mb4 COLLATE=utf8mb4_unicode_ci;

--
-- Дамп данных таблицы `menu_items`
--

INSERT INTO `menu_items` (`id`, `menu_id`, `title`, `url`, `target`, `icon_class`, `color`, `parent_id`, `order`, `created_at`, `updated_at`, `route`, `parameters`) VALUES
(1, 1, 'Панель управления', '', '_self', 'voyager-boat', NULL, NULL, 1, '2019-03-25 11:44:18', '2019-03-25 11:44:18', 'voyager.dashboard', NULL),
(2, 1, 'Медиа', '', '_self', 'voyager-images', NULL, NULL, 8, '2019-03-25 11:44:18', '2019-04-04 15:09:38', 'voyager.media.index', NULL),
(3, 1, 'Пользователи', '', '_self', 'voyager-person', NULL, NULL, 3, '2019-03-25 11:44:18', '2019-03-25 11:44:18', 'voyager.users.index', NULL),
(4, 1, 'Роли', '', '_self', 'voyager-lock', NULL, NULL, 2, '2019-03-25 11:44:18', '2019-03-25 11:44:18', 'voyager.roles.index', NULL),
(5, 1, 'Инструменты', '', '_self', 'voyager-tools', NULL, NULL, 9, '2019-03-25 11:44:18', '2019-04-04 15:09:38', NULL, NULL),
(6, 1, 'Конструктор Меню', '', '_self', 'voyager-list', NULL, 5, 1, '2019-03-25 11:44:18', '2019-04-04 15:07:44', 'voyager.menus.index', NULL),
(7, 1, 'База данных', '', '_self', 'voyager-data', NULL, 5, 2, '2019-03-25 11:44:18', '2019-04-04 15:07:44', 'voyager.database.index', NULL),
(8, 1, 'Compass', '', '_self', 'voyager-compass', NULL, 5, 3, '2019-03-25 11:44:18', '2019-04-04 15:07:44', 'voyager.compass.index', NULL),
(9, 1, 'BREAD', '', '_self', 'voyager-bread', NULL, 5, 4, '2019-03-25 11:44:18', '2019-04-04 15:07:44', 'voyager.bread.index', NULL),
(10, 1, 'Настройки', '', '_self', 'voyager-settings', NULL, 5, 6, '2019-03-25 11:44:18', '2019-04-04 15:09:32', 'voyager.settings.index', NULL),
(11, 1, 'Hooks', '', '_self', 'voyager-hook', NULL, 5, 5, '2019-03-25 11:44:21', '2019-04-04 15:09:22', 'voyager.hooks', NULL),
(12, 1, 'Лабораторные', '', '_self', 'voyager-receipt', '#000000', 24, 4, '2019-03-25 16:39:00', '2019-04-22 12:09:47', 'voyager.practicals.index', 'null'),
(14, 1, 'Оценки', '', '_self', 'voyager-book', '#000000', 24, 6, '2019-03-31 16:07:21', '2019-04-22 12:09:47', 'voyager.scores.index', 'null'),
(15, 1, 'Выполненные работы', '', '_self', 'voyager-terminal', NULL, 24, 5, '2019-03-31 16:09:28', '2019-04-22 12:09:47', 'voyager.practical-user.index', NULL),
(16, 1, 'Уведомления', '', '_self', 'voyager-tag', NULL, NULL, 7, '2019-03-31 16:19:51', '2019-04-04 15:09:38', 'voyager.notices.index', NULL),
(17, 1, 'Группы', '', '_self', 'voyager-company', NULL, 24, 3, '2019-03-31 16:23:04', '2019-04-22 12:09:47', 'voyager.groups.index', NULL),
(18, 1, 'Комментарии', '', '_self', 'voyager-bubble', NULL, NULL, 6, '2019-03-31 16:24:34', '2019-04-04 15:09:38', 'voyager.comments.index', NULL),
(19, 1, 'Обратная связь', '', '_self', 'voyager-mail', NULL, NULL, 10, '2019-03-31 16:29:47', '2019-04-04 15:09:32', 'voyager.feedbacks.index', NULL),
(21, 1, 'Группы преподавателей', '', '_self', NULL, NULL, 24, 7, '2019-04-03 17:10:54', '2019-04-22 12:09:47', 'voyager.group-user.index', NULL),
(22, 1, 'Доступ к ЛР', '', '_self', 'voyager-lock', NULL, 24, 8, '2019-04-03 17:15:34', '2019-04-22 12:09:47', 'voyager.group-practical.index', NULL),
(23, 1, 'Тестирование', '', '_self', 'voyager-key', '#000000', NULL, 4, '2019-04-04 15:07:32', '2019-04-04 15:07:44', NULL, ''),
(24, 1, 'Обучение', '', '_self', 'voyager-pen', '#000000', NULL, 5, '2019-04-04 15:08:33', '2019-04-04 15:08:39', NULL, ''),
(29, 1, 'Ответы', '', '_self', NULL, NULL, 23, 1, '2019-04-07 10:54:27', '2019-04-17 07:14:35', 'voyager.answers.index', NULL),
(31, 1, 'Программы (ОП)', '', '_self', NULL, NULL, 24, 2, '2019-04-14 15:09:49', '2019-04-22 12:09:47', 'voyager.programs.index', NULL),
(32, 1, 'Вопросы', '', '_self', NULL, NULL, 23, 2, '2019-04-14 16:03:20', '2019-04-17 07:14:40', 'voyager.questions.index', NULL),
(33, 1, 'Тестирования', '', '_self', NULL, NULL, 23, 3, '2019-04-14 16:10:09', '2019-04-17 07:14:44', 'voyager.tasks.index', NULL),
(34, 1, 'Доступ к тестам', '', '_self', NULL, NULL, 24, 9, '2019-04-17 10:39:31', '2019-04-22 12:09:47', 'voyager.group-task.index', NULL),
(35, 1, 'Теория', '', '_self', NULL, NULL, 24, 1, '2019-04-18 19:14:41', '2019-04-22 12:09:47', 'voyager.theories.index', NULL);

-- --------------------------------------------------------

--
-- Структура таблицы `migrations`
--

CREATE TABLE `migrations` (
  `id` int(10) UNSIGNED NOT NULL,
  `migration` varchar(191) COLLATE utf8mb4_unicode_ci NOT NULL,
  `batch` int(11) NOT NULL
) ENGINE=InnoDB DEFAULT CHARSET=utf8mb4 COLLATE=utf8mb4_unicode_ci;

--
-- Дамп данных таблицы `migrations`
--

INSERT INTO `migrations` (`id`, `migration`, `batch`) VALUES
(1, '2014_10_12_000000_create_users_table', 1),
(2, '2014_10_12_100000_create_password_resets_table', 1),
(3, '2019_03_10_164220_create_table_groups', 1),
(4, '2019_03_10_164306_create_table_practicals', 1),
(5, '2019_03_10_164340_create_table_feedbacks', 1),
(6, '2019_03_10_164350_create_table_comments', 1),
(7, '2019_03_10_164403_create_table_notices', 1),
(8, '2019_03_19_171531_add_avatar_in_users', 2),
(11, '2019_03_20_234911_create_group_user_table', 3),
(12, '2019_03_21_174111_add_field_group_in_user', 3),
(13, '2019_03_22_233127_add_phone_in_users', 4),
(16, '2019_03_22_234126_create_programs_table', 5),
(17, '2019_03_22_234157_add_program_in_groups', 5),
(18, '2016_01_01_000000_add_voyager_user_fields', 6),
(19, '2016_01_01_000000_create_data_types_table', 6),
(20, '2016_05_19_173453_create_menu_table', 6),
(21, '2016_10_21_190000_create_roles_table', 6),
(22, '2016_10_21_190000_create_settings_table', 6),
(23, '2016_11_30_135954_create_permission_table', 6),
(24, '2016_11_30_141208_create_permission_role_table', 6),
(25, '2016_12_26_201236_data_types__add__server_side', 6),
(26, '2017_01_13_000000_add_route_to_menu_items_table', 6),
(27, '2017_01_14_005015_create_translations_table', 6),
(28, '2017_01_15_000000_make_table_name_nullable_in_permissions_table', 6),
(29, '2017_03_06_000000_add_controller_to_data_types_table', 6),
(30, '2017_04_21_000000_add_order_to_data_rows_table', 6),
(31, '2017_07_05_210000_add_policyname_to_data_types_table', 6),
(32, '2017_08_05_000000_add_group_to_settings_table', 6),
(33, '2017_11_26_013050_add_user_role_relationship', 6),
(34, '2017_11_26_015000_create_user_roles_table', 6),
(35, '2018_03_11_000000_add_user_settings', 6),
(36, '2018_03_14_000000_add_details_to_data_types_table', 6),
(37, '2018_03_16_000000_make_settings_value_nullable', 6),
(38, '2019_03_25_141428_create_scores_table', 7),
(39, '2019_03_25_141502_create_practical_user_table', 7),
(40, '2019_03_25_161710_add_title_author_body_table', 7),
(41, '2019_03_29_235447_add_timesteps_in_practical_user', 8),
(42, '2019_03_30_133513_add_file_in_practical_user', 9),
(45, '2019_03_31_180516_create_user_group_create', 10),
(47, '2019_04_03_141433_create_group_practical_table', 11),
(48, '2019_04_06_233137_create_questions_table', 12),
(53, '2019_04_06_233223_create_answers_table', 13),
(58, '2019_04_06_233350_create_question_answer_table', 14),
(59, '2019_04_06_233420_create_user_answer_table', 14),
(60, '2019_04_08_214311_add_user_setting_field', 15),
(61, '2019_04_14_114657_create_tasks_table', 16),
(62, '2019_04_14_114909_create_task_question_table', 16),
(63, '2019_04_14_180819_add_primary_key_in_question_answer', 17),
(64, '2019_04_14_190408_add_true_answer_in_questions', 18),
(65, '2019_04_14_192416_add_fields_in_user_answer', 19),
(66, '2019_04_17_130023_create_group_task_table', 20),
(67, '2019_04_18_215815_create_theories_table', 21),
(68, '2019_04_20_133955_add_field_comment_in_comments', 22);

-- --------------------------------------------------------

--
-- Структура таблицы `notices`
--

CREATE TABLE `notices` (
  `id` int(10) UNSIGNED NOT NULL,
  `text` varchar(400) COLLATE utf8mb4_unicode_ci NOT NULL,
  `user_id` int(10) UNSIGNED DEFAULT NULL,
  `status` tinyint(1) NOT NULL,
  `created_at` timestamp NULL DEFAULT NULL,
  `updated_at` timestamp NULL DEFAULT NULL
) ENGINE=InnoDB DEFAULT CHARSET=utf8mb4 COLLATE=utf8mb4_unicode_ci;

--
-- Дамп данных таблицы `notices`
--

INSERT INTO `notices` (`id`, `text`, `user_id`, `status`, `created_at`, `updated_at`) VALUES
(2, 'Руслан Гиллязанов выставил вам оценку Удовлетворительно за работу <a href=http://vkr.loc/labs/8>Лабораторная работа №5: Cisco Packet Tracer. Wi-Fi</a>', 1, 1, '2019-04-09 11:41:04', '2019-04-09 13:07:17'),
(3, 'Руслан Гиллязанов выставил вам оценку Хорошо за работу <a href=http://vkr.loc/labs/9>Лабораторная работа №6: Cisco packet tracer. Создание простейшей сети</a>', 1, 1, '2019-04-09 12:08:07', '2019-04-09 13:07:17'),
(4, 'Руслан Гиллязанов выставил вам оценку Неудовлетворительно за работу <a href=http://vkr.loc/labs/8>Лабораторная работа №5: Cisco Packet Tracer. Wi-Fi</a>', 1, 1, '2019-04-09 12:08:10', '2019-04-09 13:07:17'),
(5, 'Руслан Гиллязанов выставил вам оценку Плохо за работу <a href=http://vkr.loc/labs/8>Лабораторная работа №5: Cisco Packet Tracer. Wi-Fi</a>', 1, 1, '2019-04-09 13:06:53', '2019-04-09 13:07:17'),
(6, 'Руслан Гиллязанов ответил на ваш комментарий Дурак? в теме: <a href=\'http://vkr.loc/labs/8\'>Лабораторная работа №5: Cisco Packet Tracer. Wi-Fi', 9, 1, '2019-04-17 06:51:57', '2019-04-17 06:53:02'),
(8, 'Полезин Александр Васильевич ответил на ваш комментарий Ты что довн? в теме: <a href=\'http://vkr.loc/labs/8\'>Лабораторная работа №5: Cisco Packet Tracer. Wi-Fi</a>', 1, 1, '2019-04-17 07:12:30', '2019-04-17 07:13:02'),
(9, 'Руслан Гиллязанов выставил вам оценку Отлично за работу <a href=\'http://vkr.loc/labs/8\'>Лабораторная работа №5: Cisco Packet Tracer. Wi-Fi</a>', 9, 1, '2019-04-17 22:38:18', '2019-04-18 08:44:35'),
(10, 'Руслан Гиллязанов выставил вам оценку Хорошо за работу <a href=\'http://vkr.loc/labs/9\'>Лабораторная работа №6: Cisco packet tracer. Создание простейшей сети</a>', 9, 1, '2019-04-17 22:38:28', '2019-04-18 08:44:38'),
(11, 'Руслан Гиллязанов выставил вам оценку Хорошо за работу <a href=\'http://vkr.loc/labs/8\'>Лабораторная работа №5: Cisco Packet Tracer. Wi-Fi</a>', 1, 1, '2019-04-18 08:34:38', '2019-04-18 08:34:50'),
(14, 'Руслан Гиллязанов ответил на ваш комментарий Спасибо! в выполненной лабораторной работе: <a href=\'http://vkr.loc/scores\'>Лабораторная работа №5: Cisco Packet Tracer. Wi-Fi</a>', 9, 1, '2019-04-21 08:00:08', '2019-05-12 14:16:44'),
(15, 'Полезин Александр Васильевич ответил на ваш комментарий Не за что! в выполненной лабораторной работе: <a href=\'http://vkr.loc/scores/student/9\'>Лабораторная работа №5: Cisco Packet Tracer. Wi-Fi</a>', 1, 1, '2019-04-21 08:10:01', '2019-04-21 08:11:14'),
(16, 'Ваше сообщение \"Тестовое обращение\" будет рассмотрено в ближайшее время. Обращаем внимание на то, что ответ на ваще сообщение придет на почту указанную при регистрации!', 1, 1, '2019-04-22 12:17:27', '2019-04-22 12:17:50'),
(17, 'Руслан Гиллязанов выставил вам оценку Отлично за работу <a href=\'http://vkr.loc/labs/10\'>Лабораторная работа №1. Создание простейшей сети, знакомство с интерфейсом.</a>', 1, 1, '2019-05-09 11:04:25', '2019-05-09 11:04:48'),
(18, 'Гиллязанов Руслан Сергеевич ответил на ваш комментарий Ужасная работа! в выполненной лабораторной работе: <a href=\'http://vkr.std-807.ist.mospolytech.ru/scores\'>Лабораторная работа №3. Настройка маршрутизатора.</a>', 29, 0, '2019-05-23 13:46:59', '2019-05-23 13:46:59'),
(19, 'Васильев Игорь Олегович выставил вам оценку Отлично за работу <a href=\'http://vkr.std-807.ist.mospolytech.ru/labs/12\'>Лабораторная работа №3. Настройка маршрутизатора.</a>', 2, 0, '2019-05-25 12:32:03', '2019-05-25 12:32:03'),
(20, 'Гиллязанов Руслан Сергеевич выставил вам оценку Отлично за работу <a href=\'http://vkr.std-807.ist.mospolytech.ru/labs/10\'>Лабораторная работа №1. Создание простейшей сети, знакомство с интерфейсом.</a>', 16, 0, '2019-05-25 12:33:48', '2019-05-25 12:33:48'),
(21, 'Васильев Игорь Олегович ответил на ваш комментарий fsdgdfgsfdg в выполненной лабораторной работе: <a href=\'http://vkr.std-807.ist.mospolytech.ru/scores\'>Лабораторная работа №1. Создание простейшей сети, знакомство с интерфейсом.</a>', 16, 0, '2019-05-25 12:34:29', '2019-05-25 12:34:29');

-- --------------------------------------------------------

--
-- Структура таблицы `password_resets`
--

CREATE TABLE `password_resets` (
  `email` varchar(191) COLLATE utf8mb4_unicode_ci NOT NULL,
  `token` varchar(191) COLLATE utf8mb4_unicode_ci NOT NULL,
  `created_at` timestamp NULL DEFAULT NULL
) ENGINE=InnoDB DEFAULT CHARSET=utf8mb4 COLLATE=utf8mb4_unicode_ci;

-- --------------------------------------------------------

--
-- Структура таблицы `permissions`
--

CREATE TABLE `permissions` (
  `id` bigint(20) UNSIGNED NOT NULL,
  `key` varchar(191) COLLATE utf8mb4_unicode_ci NOT NULL,
  `table_name` varchar(191) COLLATE utf8mb4_unicode_ci DEFAULT NULL,
  `created_at` timestamp NULL DEFAULT NULL,
  `updated_at` timestamp NULL DEFAULT NULL
) ENGINE=InnoDB DEFAULT CHARSET=utf8mb4 COLLATE=utf8mb4_unicode_ci;

--
-- Дамп данных таблицы `permissions`
--

INSERT INTO `permissions` (`id`, `key`, `table_name`, `created_at`, `updated_at`) VALUES
(1, 'browse_admin', NULL, '2019-03-25 11:44:19', '2019-03-25 11:44:19'),
(2, 'browse_bread', NULL, '2019-03-25 11:44:19', '2019-03-25 11:44:19'),
(3, 'browse_database', NULL, '2019-03-25 11:44:19', '2019-03-25 11:44:19'),
(4, 'browse_media', NULL, '2019-03-25 11:44:19', '2019-03-25 11:44:19'),
(5, 'browse_compass', NULL, '2019-03-25 11:44:19', '2019-03-25 11:44:19'),
(6, 'browse_menus', 'menus', '2019-03-25 11:44:19', '2019-03-25 11:44:19'),
(7, 'read_menus', 'menus', '2019-03-25 11:44:19', '2019-03-25 11:44:19'),
(8, 'edit_menus', 'menus', '2019-03-25 11:44:19', '2019-03-25 11:44:19'),
(9, 'add_menus', 'menus', '2019-03-25 11:44:19', '2019-03-25 11:44:19'),
(10, 'delete_menus', 'menus', '2019-03-25 11:44:19', '2019-03-25 11:44:19'),
(11, 'browse_roles', 'roles', '2019-03-25 11:44:19', '2019-03-25 11:44:19'),
(12, 'read_roles', 'roles', '2019-03-25 11:44:19', '2019-03-25 11:44:19'),
(13, 'edit_roles', 'roles', '2019-03-25 11:44:19', '2019-03-25 11:44:19'),
(14, 'add_roles', 'roles', '2019-03-25 11:44:19', '2019-03-25 11:44:19'),
(15, 'delete_roles', 'roles', '2019-03-25 11:44:19', '2019-03-25 11:44:19'),
(16, 'browse_users', 'users', '2019-03-25 11:44:19', '2019-03-25 11:44:19'),
(17, 'read_users', 'users', '2019-03-25 11:44:19', '2019-03-25 11:44:19'),
(18, 'edit_users', 'users', '2019-03-25 11:44:19', '2019-03-25 11:44:19'),
(19, 'add_users', 'users', '2019-03-25 11:44:19', '2019-03-25 11:44:19'),
(20, 'delete_users', 'users', '2019-03-25 11:44:19', '2019-03-25 11:44:19'),
(21, 'browse_settings', 'settings', '2019-03-25 11:44:19', '2019-03-25 11:44:19'),
(22, 'read_settings', 'settings', '2019-03-25 11:44:19', '2019-03-25 11:44:19'),
(23, 'edit_settings', 'settings', '2019-03-25 11:44:19', '2019-03-25 11:44:19'),
(24, 'add_settings', 'settings', '2019-03-25 11:44:19', '2019-03-25 11:44:19'),
(25, 'delete_settings', 'settings', '2019-03-25 11:44:19', '2019-03-25 11:44:19'),
(26, 'browse_hooks', NULL, '2019-03-25 11:44:21', '2019-03-25 11:44:21'),
(27, 'browse_practicals', 'practicals', '2019-03-25 16:39:00', '2019-03-25 16:39:00'),
(28, 'read_practicals', 'practicals', '2019-03-25 16:39:00', '2019-03-25 16:39:00'),
(29, 'edit_practicals', 'practicals', '2019-03-25 16:39:00', '2019-03-25 16:39:00'),
(30, 'add_practicals', 'practicals', '2019-03-25 16:39:00', '2019-03-25 16:39:00'),
(31, 'delete_practicals', 'practicals', '2019-03-25 16:39:00', '2019-03-25 16:39:00'),
(37, 'browse_scores', 'scores', '2019-03-31 16:07:21', '2019-03-31 16:07:21'),
(38, 'read_scores', 'scores', '2019-03-31 16:07:21', '2019-03-31 16:07:21'),
(39, 'edit_scores', 'scores', '2019-03-31 16:07:21', '2019-03-31 16:07:21'),
(40, 'add_scores', 'scores', '2019-03-31 16:07:21', '2019-03-31 16:07:21'),
(41, 'delete_scores', 'scores', '2019-03-31 16:07:21', '2019-03-31 16:07:21'),
(42, 'browse_practical_user', 'practical_user', '2019-03-31 16:09:28', '2019-03-31 16:09:28'),
(43, 'read_practical_user', 'practical_user', '2019-03-31 16:09:28', '2019-03-31 16:09:28'),
(44, 'edit_practical_user', 'practical_user', '2019-03-31 16:09:28', '2019-03-31 16:09:28'),
(45, 'add_practical_user', 'practical_user', '2019-03-31 16:09:28', '2019-03-31 16:09:28'),
(46, 'delete_practical_user', 'practical_user', '2019-03-31 16:09:28', '2019-03-31 16:09:28'),
(47, 'browse_notices', 'notices', '2019-03-31 16:19:51', '2019-03-31 16:19:51'),
(48, 'read_notices', 'notices', '2019-03-31 16:19:51', '2019-03-31 16:19:51'),
(49, 'edit_notices', 'notices', '2019-03-31 16:19:51', '2019-03-31 16:19:51'),
(50, 'add_notices', 'notices', '2019-03-31 16:19:51', '2019-03-31 16:19:51'),
(51, 'delete_notices', 'notices', '2019-03-31 16:19:51', '2019-03-31 16:19:51'),
(52, 'browse_groups', 'groups', '2019-03-31 16:23:04', '2019-03-31 16:23:04'),
(53, 'read_groups', 'groups', '2019-03-31 16:23:04', '2019-03-31 16:23:04'),
(54, 'edit_groups', 'groups', '2019-03-31 16:23:04', '2019-03-31 16:23:04'),
(55, 'add_groups', 'groups', '2019-03-31 16:23:04', '2019-03-31 16:23:04'),
(56, 'delete_groups', 'groups', '2019-03-31 16:23:04', '2019-03-31 16:23:04'),
(57, 'browse_comments', 'comments', '2019-03-31 16:24:34', '2019-03-31 16:24:34'),
(58, 'read_comments', 'comments', '2019-03-31 16:24:34', '2019-03-31 16:24:34'),
(59, 'edit_comments', 'comments', '2019-03-31 16:24:34', '2019-03-31 16:24:34'),
(60, 'add_comments', 'comments', '2019-03-31 16:24:34', '2019-03-31 16:24:34'),
(61, 'delete_comments', 'comments', '2019-03-31 16:24:34', '2019-03-31 16:24:34'),
(62, 'browse_feedbacks', 'feedbacks', '2019-03-31 16:29:47', '2019-03-31 16:29:47'),
(63, 'read_feedbacks', 'feedbacks', '2019-03-31 16:29:47', '2019-03-31 16:29:47'),
(64, 'edit_feedbacks', 'feedbacks', '2019-03-31 16:29:47', '2019-03-31 16:29:47'),
(65, 'add_feedbacks', 'feedbacks', '2019-03-31 16:29:47', '2019-03-31 16:29:47'),
(66, 'delete_feedbacks', 'feedbacks', '2019-03-31 16:29:47', '2019-03-31 16:29:47'),
(72, 'browse_group_user', 'group_user', '2019-04-03 17:10:53', '2019-04-03 17:10:53'),
(73, 'read_group_user', 'group_user', '2019-04-03 17:10:53', '2019-04-03 17:10:53'),
(74, 'edit_group_user', 'group_user', '2019-04-03 17:10:53', '2019-04-03 17:10:53'),
(75, 'add_group_user', 'group_user', '2019-04-03 17:10:53', '2019-04-03 17:10:53'),
(76, 'delete_group_user', 'group_user', '2019-04-03 17:10:53', '2019-04-03 17:10:53'),
(77, 'browse_group_practical', 'group_practical', '2019-04-03 17:15:34', '2019-04-03 17:15:34'),
(78, 'read_group_practical', 'group_practical', '2019-04-03 17:15:34', '2019-04-03 17:15:34'),
(79, 'edit_group_practical', 'group_practical', '2019-04-03 17:15:34', '2019-04-03 17:15:34'),
(80, 'add_group_practical', 'group_practical', '2019-04-03 17:15:34', '2019-04-03 17:15:34'),
(81, 'delete_group_practical', 'group_practical', '2019-04-03 17:15:34', '2019-04-03 17:15:34'),
(87, 'browse_options', 'options', '2019-04-07 10:21:22', '2019-04-07 10:21:22'),
(88, 'read_options', 'options', '2019-04-07 10:21:22', '2019-04-07 10:21:22'),
(89, 'edit_options', 'options', '2019-04-07 10:21:22', '2019-04-07 10:21:22'),
(90, 'add_options', 'options', '2019-04-07 10:21:22', '2019-04-07 10:21:22'),
(91, 'delete_options', 'options', '2019-04-07 10:21:22', '2019-04-07 10:21:22'),
(102, 'browse_answers', 'answers', '2019-04-07 10:54:27', '2019-04-07 10:54:27'),
(103, 'read_answers', 'answers', '2019-04-07 10:54:27', '2019-04-07 10:54:27'),
(104, 'edit_answers', 'answers', '2019-04-07 10:54:27', '2019-04-07 10:54:27'),
(105, 'add_answers', 'answers', '2019-04-07 10:54:27', '2019-04-07 10:54:27'),
(106, 'delete_answers', 'answers', '2019-04-07 10:54:27', '2019-04-07 10:54:27'),
(112, 'browse_programs', 'programs', '2019-04-14 15:09:49', '2019-04-14 15:09:49'),
(113, 'read_programs', 'programs', '2019-04-14 15:09:49', '2019-04-14 15:09:49'),
(114, 'edit_programs', 'programs', '2019-04-14 15:09:49', '2019-04-14 15:09:49'),
(115, 'add_programs', 'programs', '2019-04-14 15:09:49', '2019-04-14 15:09:49'),
(116, 'delete_programs', 'programs', '2019-04-14 15:09:49', '2019-04-14 15:09:49'),
(117, 'browse_questions', 'questions', '2019-04-14 16:03:20', '2019-04-14 16:03:20'),
(118, 'read_questions', 'questions', '2019-04-14 16:03:20', '2019-04-14 16:03:20'),
(119, 'edit_questions', 'questions', '2019-04-14 16:03:20', '2019-04-14 16:03:20'),
(120, 'add_questions', 'questions', '2019-04-14 16:03:20', '2019-04-14 16:03:20'),
(121, 'delete_questions', 'questions', '2019-04-14 16:03:20', '2019-04-14 16:03:20'),
(122, 'browse_tasks', 'tasks', '2019-04-14 16:10:09', '2019-04-14 16:10:09'),
(123, 'read_tasks', 'tasks', '2019-04-14 16:10:09', '2019-04-14 16:10:09'),
(124, 'edit_tasks', 'tasks', '2019-04-14 16:10:09', '2019-04-14 16:10:09'),
(125, 'add_tasks', 'tasks', '2019-04-14 16:10:09', '2019-04-14 16:10:09'),
(126, 'delete_tasks', 'tasks', '2019-04-14 16:10:09', '2019-04-14 16:10:09'),
(127, 'browse_group_task', 'group_task', '2019-04-17 10:39:31', '2019-04-17 10:39:31'),
(128, 'read_group_task', 'group_task', '2019-04-17 10:39:31', '2019-04-17 10:39:31'),
(129, 'edit_group_task', 'group_task', '2019-04-17 10:39:31', '2019-04-17 10:39:31'),
(130, 'add_group_task', 'group_task', '2019-04-17 10:39:31', '2019-04-17 10:39:31'),
(131, 'delete_group_task', 'group_task', '2019-04-17 10:39:31', '2019-04-17 10:39:31'),
(132, 'browse_theories', 'theories', '2019-04-18 19:14:40', '2019-04-18 19:14:40'),
(133, 'read_theories', 'theories', '2019-04-18 19:14:40', '2019-04-18 19:14:40'),
(134, 'edit_theories', 'theories', '2019-04-18 19:14:40', '2019-04-18 19:14:40'),
(135, 'add_theories', 'theories', '2019-04-18 19:14:40', '2019-04-18 19:14:40'),
(136, 'delete_theories', 'theories', '2019-04-18 19:14:40', '2019-04-18 19:14:40');

-- --------------------------------------------------------

--
-- Структура таблицы `permission_role`
--

CREATE TABLE `permission_role` (
  `permission_id` bigint(20) UNSIGNED NOT NULL,
  `role_id` bigint(20) UNSIGNED NOT NULL
) ENGINE=InnoDB DEFAULT CHARSET=utf8mb4 COLLATE=utf8mb4_unicode_ci;

--
-- Дамп данных таблицы `permission_role`
--

INSERT INTO `permission_role` (`permission_id`, `role_id`) VALUES
(1, 1),
(1, 3),
(2, 1),
(3, 1),
(4, 1),
(6, 1),
(7, 1),
(8, 1),
(9, 1),
(10, 1),
(11, 1),
(12, 1),
(13, 1),
(14, 1),
(15, 1),
(16, 1),
(16, 3),
(17, 1),
(17, 3),
(18, 1),
(19, 1),
(20, 1),
(21, 1),
(22, 1),
(23, 1),
(24, 1),
(25, 1),
(27, 1),
(28, 1),
(29, 1),
(30, 1),
(31, 1),
(37, 1),
(38, 1),
(39, 1),
(40, 1),
(41, 1),
(42, 1),
(43, 1),
(44, 1),
(45, 1),
(46, 1),
(47, 1),
(48, 1),
(49, 1),
(50, 1),
(51, 1),
(52, 1),
(53, 1),
(54, 1),
(55, 1),
(56, 1),
(57, 1),
(58, 1),
(59, 1),
(60, 1),
(61, 1),
(62, 1),
(63, 1),
(64, 1),
(65, 1),
(66, 1),
(72, 1),
(73, 1),
(74, 1),
(75, 1),
(76, 1),
(77, 1),
(78, 1),
(79, 1),
(80, 1),
(81, 1),
(87, 1),
(88, 1),
(89, 1),
(90, 1),
(91, 1),
(102, 1),
(103, 1),
(104, 1),
(105, 1),
(106, 1),
(112, 1),
(113, 1),
(114, 1),
(115, 1),
(116, 1),
(117, 1),
(118, 1),
(119, 1),
(120, 1),
(121, 1),
(122, 1),
(123, 1),
(124, 1),
(125, 1),
(126, 1),
(127, 1),
(128, 1),
(129, 1),
(130, 1),
(131, 1),
(132, 1),
(133, 1),
(134, 1),
(135, 1),
(136, 1);

-- --------------------------------------------------------

--
-- Структура таблицы `practicals`
--

CREATE TABLE `practicals` (
  `id` int(10) UNSIGNED NOT NULL,
  `name` varchar(100) COLLATE utf8mb4_unicode_ci NOT NULL,
  `description` text COLLATE utf8mb4_unicode_ci NOT NULL,
  `body` text COLLATE utf8mb4_unicode_ci NOT NULL,
  `file` varchar(1000) COLLATE utf8mb4_unicode_ci NOT NULL,
  `image` varchar(500) COLLATE utf8mb4_unicode_ci NOT NULL,
  `user_id` int(10) UNSIGNED DEFAULT NULL,
  `created_at` timestamp NULL DEFAULT NULL,
  `updated_at` timestamp NULL DEFAULT NULL
) ENGINE=InnoDB DEFAULT CHARSET=utf8mb4 COLLATE=utf8mb4_unicode_ci;

--
-- Дамп данных таблицы `practicals`
--

INSERT INTO `practicals` (`id`, `name`, `description`, `body`, `file`, `image`, `user_id`, `created_at`, `updated_at`) VALUES
(10, 'Лабораторная работа №1. Создание простейшей сети, знакомство с интерфейсом.', 'В данной лабораторной работе вы создадите простейшую сеть, состоящую из двух компьютеров, а также ознакомитесь с интерфейсом Cisco Packet Tracer.', '<p>В данной лабораторной работе вы создадите простейшую сеть, состоящую из двух компьютеров, а также ознакомитесь с интерфейсом Cisco Packet Tracer.</p>\r\n<p>&nbsp;</p>\r\n<p>Создание простейшей сети и знакомство с интерфейсом Cisco Packet Tracer</p>\r\n<p><strong>Задание</strong>:&nbsp;</p>\r\n<p>Соедините два компьютера кабелем и присвойте IP адреса.</p>\r\n<p>Компьютер №1 - 192.168.1.2</p>\r\n<p>Компьютер №2 - 192.168.1.3</p>\r\n<p>Присвойте маску подсети 255.255.255.0</p>\r\n<p>Проверьте подключение командой ping в консоли.</p>\r\n<pre>&nbsp;</pre>', '[{\"download_link\":\"practicals\\\\May2019\\\\k2QACSHC9pGo6tnNcpMz.pka\",\"original_name\":\"\\u041b\\u0430\\u0431\\u043e\\u0440\\u0430\\u0442\\u043e\\u0440\\u043d\\u0430\\u044f \\u0440\\u0430\\u0431\\u043e\\u0442\\u0430 \\u21161. \\u0421\\u043e\\u0437\\u0434\\u0430\\u043d\\u0438\\u0435 \\u043f\\u0440\\u043e\\u0441\\u0442\\u0435\\u0439\\u0448\\u0435\\u0439 \\u0441\\u0435\\u0442\\u0438, \\u0437\\u043d\\u0430\\u043a\\u043e\\u043c\\u0441\\u0442\\u0432\\u043e \\u0441 \\u0438\\u043d\\u0442\\u0435\\u0440\\u0444\\u0435\\u0439\\u0441\\u043e\\u043c..pka\"}]', 'practicals\\May2019\\QycFwaD1y6xuIpOKyDwW.png', 1, '2019-05-09 10:54:17', '2019-05-09 10:54:17'),
(11, 'Лабораторная работа №2. Организация сети, посредством использования коммутатора.', 'В данной лабораторной работе вы научитесь объединять компьютеры в сеть посредством подключения к коммутатору.', '<h3>Организация сети посредством подключения ПК к коммутатору.</h3>\r\n<p><strong>В этом упражнении вы потренируетесь</strong>:</p>\r\n<p>Объединять компьютеры в сеть посредством подключения к коммутатору.</p>\r\n<p><strong>Этап 1</strong>:</p>\r\n<p>Добавьте коммутатор модели <em>2960</em> и назовите его \"<em>Коммутатор</em>\".</p>\r\n<p>Подключите компьютеры к коммутатору в соответствии с таблицой.</p>\r\n<p>Присвойте компьютерам IP адреса в соответствии с таблицой.</p>\r\n<p>Присвойте маску сети для компьютеров <em>255.255.255.0</em>.</p>\r\n<p>&nbsp;</p>\r\n<div class=\"table-responsive\">\r\n<table style=\"border-collapse: collapse; width: 49.9344%; height: 139px; margin-left: auto; margin-right: auto;\" border=\"1\">\r\n<tbody>\r\n<tr style=\"height: 13px;\">\r\n<td style=\"width: 33.3333%; height: 13px; text-align: center;\">Название&nbsp;</td>\r\n<td style=\"width: 33.3333%; height: 13px; text-align: center;\">IP адрес&nbsp;</td>\r\n<td style=\"width: 33.3333%; height: 13px; text-align: center;\">Порт коммутатора</td>\r\n</tr>\r\n<tr style=\"height: 13px; text-align: center;\">\r\n<td style=\"width: 33.3333%; height: 13px;\">ПК №1</td>\r\n<td style=\"width: 33.3333%; height: 13px;\">192.168.2.1</td>\r\n<td style=\"width: 33.3333%; height: 13px;\">FastEthernet0/1</td>\r\n</tr>\r\n<tr style=\"height: 13px; text-align: center;\">\r\n<td style=\"width: 33.3333%; height: 13px;\">ПК №2</td>\r\n<td style=\"width: 33.3333%; height: 13px;\">192.168.2.2</td>\r\n<td style=\"width: 33.3333%; height: 13px;\">FastEthernet0/2</td>\r\n</tr>\r\n<tr style=\"height: 13px; text-align: center;\">\r\n<td style=\"width: 33.3333%; height: 13px;\">ПК №3</td>\r\n<td style=\"width: 33.3333%; height: 13px;\">192.168.2.3</td>\r\n<td style=\"width: 33.3333%; height: 13px;\">FastEthernet0/3</td>\r\n</tr>\r\n<tr style=\"height: 13px; text-align: center;\">\r\n<td style=\"width: 33.3333%; height: 13px;\">ПК №4</td>\r\n<td style=\"width: 33.3333%; height: 13px;\">192.168.2.4</td>\r\n<td style=\"width: 33.3333%; height: 13px;\">FastEthernet0/4</td>\r\n</tr>\r\n<tr style=\"height: 13px; text-align: center;\">\r\n<td style=\"width: 33.3333%; height: 13px;\">ПК №5</td>\r\n<td style=\"width: 33.3333%; height: 13px;\">192.168.2.5</td>\r\n<td style=\"width: 33.3333%; height: 13px;\">FastEthernet0/5</td>\r\n</tr>\r\n<tr style=\"height: 13px; text-align: center;\">\r\n<td style=\"width: 33.3333%; height: 13px;\">ПК №6</td>\r\n<td style=\"width: 33.3333%; height: 13px;\">192.168.2.6</td>\r\n<td style=\"width: 33.3333%; height: 13px;\">FastEthernet0/6</td>\r\n</tr>\r\n<tr style=\"height: 13px; text-align: center;\">\r\n<td style=\"width: 33.3333%; height: 13px;\">ПК №7</td>\r\n<td style=\"width: 33.3333%; height: 13px;\">192.168.2.7</td>\r\n<td style=\"width: 33.3333%; height: 13px;\">FastEthernet0/7</td>\r\n</tr>\r\n<tr style=\"height: 13px; text-align: center;\">\r\n<td style=\"width: 33.3333%; height: 13px;\">ПК №8</td>\r\n<td style=\"width: 33.3333%; height: 13px;\">192.168.2.8</td>\r\n<td style=\"width: 33.3333%; height: 13px;\">FastEthernet0/8</td>\r\n</tr>\r\n</tbody>\r\n</table>\r\n</div>\r\n<p>&nbsp;</p>\r\n<p>Этап 2: Выполните <em>ping</em> с конечной станции ПК №1 к станции ПК №8. Был ли ping успешным.</p>', '[{\"download_link\":\"practicals\\\\May2019\\\\Q52k061wcQR7Tyw1dY4X.pka\",\"original_name\":\"\\u041b\\u0430\\u0431\\u043e\\u0440\\u0430\\u0442\\u043e\\u0440\\u043d\\u0430\\u044f \\u0440\\u0430\\u0431\\u043e\\u0442\\u0430 \\u21162. \\u041e\\u0440\\u0433\\u0430\\u043d\\u0438\\u0437\\u0430\\u0446\\u0438\\u044f \\u0441\\u0435\\u0442\\u0438, \\u043f\\u043e\\u0441\\u0440\\u0435\\u0434\\u0441\\u0442\\u0432\\u043e\\u043c \\u0438\\u0441\\u043f\\u043e\\u043b\\u044c\\u0437\\u043e\\u0432\\u0430\\u043d\\u0438\\u044f \\u043a\\u043e\\u043c\\u043c\\u0443\\u0442\\u0430\\u0442\\u043e\\u0440\\u0430..pka\"}]', 'practicals\\May2019\\xDsHgA3ovuo29vREpkol.png', 1, '2019-05-10 08:09:00', '2019-05-13 09:55:12'),
(12, 'Лабораторная работа №3. Настройка маршрутизатора.', 'В данной лабораторной работе вы будете настраивать очень простую сеть, которая позволяет двум компьютерам взаимодействовать используя маршрутизатор.', '<p><strong>Настройка маршрутизатора</strong></p>\r\n<p>В данной лабораторной работе вы будете настраивать очень простую сеть, которая позволяет двум компьютерам взаимодействовать используя маршрутизатор.</p>\r\n<p>&nbsp;</p>\r\n<p>Подключите оба компьютера к маршрутизатору медным перекрестным кабелем. (Также удостоверьтесь, что маршрутизатор включен.)</p>\r\n<p>Компьютер №1 подключите к FastEthernet0/0.</p>\r\n<p>Компьютер №2 подключите к FastEthernet0/1.</p>\r\n<p>&nbsp;</p>\r\n<p>Далее приступим к настройке маршрутизатора. Вы должны открыть порты Ethernet, чтобы разрешить связь. Хотя они физически связаны, они находятся в состоянии, административного отключения. Для того, чтобы активировать интерфейс нажмите на вкладку <strong>CLI</strong>, чтобы получить доступ к меню конфигурации.</p>\r\n<p><strong>Выполните следующие команды</strong>:</p>\r\n<p>1. Нажмите RETURN, чтобы начать сеанс.</p>\r\n<p>2. Введите <em>enable</em>, чтобы перейти в привилегированный режим (это дает вам больше возможностей при настройке маршрутизатора).</p>\r\n<p>3. Введите <em>config terminal</em> (или для краткости <em>conf t</em>), чтобы получить доступ к меню конфигурации.</p>\r\n<p>4. Введите <em>interface fastethernet0/0</em> для доступа к Ethernet0/0.</p>\r\n<p>5. Введите <em>ip address 192.168.10.1 255.255.255.0</em> для назначения IP-адреса и маски подсети для интерфейса.</p>\r\n<p>6. Введите <em>no shutdown</em>, чтобы применить настройки интерфейса.</p>\r\n<p>&nbsp;</p>\r\n<p>Теперь мы должны сделать то же самое для fastethernet0/1. Если вы этого не сделаете, соединение с ПК1 не будет!</p>\r\n<p><strong>Введите IP-адрес внимательно, как показано ниже</strong>:</p>\r\n<p>1. Нажмите <em>Ctrl + Z</em>, чтобы вернуться в предыдущий режим.</p>\r\n<p>2. Введите <em>interface fastethernet0/1 </em></p>\r\n<p>3. Введите <em>ip address 192.168.20.1 255.255.255.0</em></p>\r\n<p>4. Введите <em>no shutdown</em></p>\r\n<p>&nbsp;</p>\r\n<p>На данный момент наш маршрутизатор настроен правильно. Если вы протестируете пинг, вы заметите, что компьютеры по-прежнему не взаимодействуют!</p>\r\n<p>&nbsp;</p>\r\n<p>Наш последний шаг - настройка шлюза на каждом настольном компьютере. Шлюз - это адрес, который мы присвоили порту Ethernet, к которому подключен рабочий стол. Это позволит компьютеру взаимодействовать с другой сетью, поэтому наш пинг не будет работать без него! Нажмите на <strong>Компьютер №1</strong>, чтобы вызвать меню конфигурации. Перейдите во вкладку <em>Desktop -&gt; IP Configuration</em>. В настройках вы найдете поле для шлюза (Default Gateway). Введите соответствующий IP-адрес интерфейса маршрутизатора, который является <em>192.168.10.1</em>. Установите фактический IP-адрес компьютера, который будет в сети. Используйте <em>192.168.10.2</em> для IP-адреса и <em>255.255.255.0</em> для маски подсети. Выполните аналогичные настройки для второго компьютера, где адрес шлюза будет <em>192.168.20.1</em>, а IP адрес <em>192.168.20.2</em>. Маска подсети будет такая же как и у первого компьютера. (<em>255.255.255.0</em>). Для проверки успешного подключения выполните команду <strong>Ping</strong> с первого на второй компьютер.</p>\r\n<p><em>ping 192.168.20.2</em></p>', '[{\"download_link\":\"practicals\\\\May2019\\\\6LjDiTfDEs8QtVTpAk88.pka\",\"original_name\":\"\\u041b\\u0430\\u0431\\u043e\\u0440\\u0430\\u0442\\u043e\\u0440\\u043d\\u0430\\u044f \\u0440\\u0430\\u0431\\u043e\\u0442\\u0430 \\u21163. \\u041d\\u0430\\u0441\\u0442\\u0440\\u043e\\u0439\\u043a\\u0430 \\u043c\\u0430\\u0440\\u0448\\u0440\\u0443\\u0442\\u0438\\u0437\\u0430\\u0442\\u043e\\u0440\\u0430..pka\"}]', 'practicals\\May2019\\T4XC4bHUWOMOYfmYCqay.png', 1, '2019-05-10 14:01:50', '2019-05-10 14:01:50');
INSERT INTO `practicals` (`id`, `name`, `description`, `body`, `file`, `image`, `user_id`, `created_at`, `updated_at`) VALUES
(13, 'Лабораторная работа №5. Настройка статической маршрутизации.', 'В данной лабораторной работе мы проведем настройку статической маршрутизации.', '<p class=\"MsoNormal\" style=\"margin-bottom: .0001pt; text-align: justify; line-height: normal;\"><span style=\"font-family: Times New Roman, serif;\"><span style=\"font-size: 18.6667px;\">Соедините все устройства сети между собой.</span></span></p>\r\n<p class=\"MsoNormal\" style=\"margin-bottom: .0001pt; text-align: justify; line-height: normal;\"><span style=\"font-size: 14.0pt; font-family: \'Times New Roman\',serif;\">Сеть 1 &ndash; на </span><span lang=\"EN-US\" style=\"font-size: 14.0pt; font-family: \'Times New Roman\',serif; mso-ansi-language: EN-US;\">Switch</span><span style=\"font-size: 14.0pt; font-family: \'Times New Roman\',serif;\">1 замыкается сеть первой организации (таблица 5.1):</span></p>\r\n<p class=\"MsoNormal\" style=\"margin-bottom: .0001pt; text-align: justify; line-height: normal;\"><span style=\"font-size: 14.0pt; font-family: \'Times New Roman\',serif;\">Таблица 5.1. Сеть первой организации.</span></p>\r\n<div class=\"table-responsive\">\r\n<table class=\"MsoNormalTable\" style=\"border-collapse: collapse; border: none; mso-border-alt: solid windowtext .5pt; mso-yfti-tbllook: 1184; mso-padding-alt: 0cm 5.4pt 0cm 5.4pt; mso-border-insideh: .5pt solid windowtext; mso-border-insidev: .5pt solid windowtext;\" border=\"1\" cellspacing=\"0\" cellpadding=\"0\">\r\n<tbody>\r\n<tr style=\"mso-yfti-irow: 0; mso-yfti-firstrow: yes;\">\r\n<td style=\"width: 164.2pt; border: solid windowtext 1.0pt; mso-border-alt: solid windowtext .5pt; padding: 0cm 5.4pt 0cm 5.4pt;\" valign=\"top\" width=\"219\">\r\n<p class=\"MsoNormal\" style=\"margin-bottom: .0001pt; text-align: justify; line-height: normal;\"><span style=\"font-size: 14.0pt; font-family: \'Times New Roman\',serif;\">Компьютер</span></p>\r\n</td>\r\n<td style=\"width: 164.25pt; border: solid windowtext 1.0pt; border-left: none; mso-border-left-alt: solid windowtext .5pt; mso-border-alt: solid windowtext .5pt; padding: 0cm 5.4pt 0cm 5.4pt;\" valign=\"top\" width=\"219\">\r\n<p class=\"MsoNormal\" style=\"margin-bottom: .0001pt; text-align: justify; line-height: normal;\"><span lang=\"EN-US\" style=\"font-size: 14.0pt; font-family: \'Times New Roman\',serif; mso-ansi-language: EN-US;\">IP</span><span style=\"font-size: 14.0pt; font-family: \'Times New Roman\',serif;\"> адрес</span></p>\r\n</td>\r\n<td style=\"width: 164.25pt; border: solid windowtext 1.0pt; border-left: none; mso-border-left-alt: solid windowtext .5pt; mso-border-alt: solid windowtext .5pt; padding: 0cm 5.4pt 0cm 5.4pt;\" valign=\"top\" width=\"219\">\r\n<p class=\"MsoNormal\" style=\"margin-bottom: .0001pt; text-align: justify; line-height: normal;\"><span style=\"font-size: 14.0pt; font-family: \'Times New Roman\',serif;\">Функции</span></p>\r\n</td>\r\n</tr>\r\n<tr style=\"mso-yfti-irow: 1;\">\r\n<td style=\"width: 164.2pt; border: solid windowtext 1.0pt; border-top: none; mso-border-top-alt: solid windowtext .5pt; mso-border-alt: solid windowtext .5pt; padding: 0cm 5.4pt 0cm 5.4pt;\" valign=\"top\" width=\"219\">\r\n<p class=\"MsoNormal\" style=\"margin-bottom: .0001pt; text-align: justify; line-height: normal;\"><span lang=\"EN-US\" style=\"font-size: 14.0pt; font-family: \'Times New Roman\',serif; mso-ansi-language: EN-US;\">Comp2</span></p>\r\n</td>\r\n<td style=\"width: 164.25pt; border-top: none; border-left: none; border-bottom: solid windowtext 1.0pt; border-right: solid windowtext 1.0pt; mso-border-top-alt: solid windowtext .5pt; mso-border-left-alt: solid windowtext .5pt; mso-border-alt: solid windowtext .5pt; padding: 0cm 5.4pt 0cm 5.4pt;\" valign=\"top\" width=\"219\">\r\n<p class=\"MsoNormal\" style=\"margin-bottom: .0001pt; text-align: justify; line-height: normal;\"><span lang=\"EN-US\" style=\"font-size: 14.0pt; font-family: \'Times New Roman\',serif; mso-ansi-language: EN-US;\">192.168.1.2/24</span></p>\r\n</td>\r\n<td style=\"width: 164.25pt; border-top: none; border-left: none; border-bottom: solid windowtext 1.0pt; border-right: solid windowtext 1.0pt; mso-border-top-alt: solid windowtext .5pt; mso-border-left-alt: solid windowtext .5pt; mso-border-alt: solid windowtext .5pt; padding: 0cm 5.4pt 0cm 5.4pt;\" valign=\"top\" width=\"219\">\r\n<p class=\"MsoNormal\" style=\"margin-bottom: .0001pt; text-align: justify; line-height: normal;\"><span lang=\"EN-US\" style=\"font-size: 14.0pt; font-family: \'Times New Roman\',serif; mso-ansi-language: EN-US;\">DNS </span><span style=\"font-size: 14.0pt; font-family: \'Times New Roman\',serif;\">и </span><span lang=\"EN-US\" style=\"font-size: 14.0pt; font-family: \'Times New Roman\',serif; mso-ansi-language: EN-US;\">HTTP</span><span style=\"font-size: 14.0pt; font-family: \'Times New Roman\',serif;\"> сервер</span></p>\r\n</td>\r\n</tr>\r\n<tr style=\"mso-yfti-irow: 2;\">\r\n<td style=\"width: 164.2pt; border: solid windowtext 1.0pt; border-top: none; mso-border-top-alt: solid windowtext .5pt; mso-border-alt: solid windowtext .5pt; padding: 0cm 5.4pt 0cm 5.4pt;\" valign=\"top\" width=\"219\">\r\n<p class=\"MsoNormal\" style=\"margin-bottom: .0001pt; text-align: justify; line-height: normal;\"><span lang=\"EN-US\" style=\"font-size: 14.0pt; font-family: \'Times New Roman\',serif; mso-ansi-language: EN-US;\">Comp3</span></p>\r\n</td>\r\n<td style=\"width: 164.25pt; border-top: none; border-left: none; border-bottom: solid windowtext 1.0pt; border-right: solid windowtext 1.0pt; mso-border-top-alt: solid windowtext .5pt; mso-border-left-alt: solid windowtext .5pt; mso-border-alt: solid windowtext .5pt; padding: 0cm 5.4pt 0cm 5.4pt;\" valign=\"top\" width=\"219\">\r\n<p class=\"MsoNormal\" style=\"margin-bottom: .0001pt; text-align: justify; line-height: normal;\"><span lang=\"EN-US\" style=\"font-size: 14.0pt; font-family: \'Times New Roman\',serif; mso-ansi-language: EN-US;\">192.168.1.3/24</span></p>\r\n</td>\r\n<td style=\"width: 164.25pt; border-top: none; border-left: none; border-bottom: solid windowtext 1.0pt; border-right: solid windowtext 1.0pt; mso-border-top-alt: solid windowtext .5pt; mso-border-left-alt: solid windowtext .5pt; mso-border-alt: solid windowtext .5pt; padding: 0cm 5.4pt 0cm 5.4pt;\" valign=\"top\" width=\"219\">\r\n<p class=\"MsoNormal\" style=\"margin-bottom: .0001pt; text-align: justify; line-height: normal;\"><span lang=\"EN-US\" style=\"font-size: 14.0pt; font-family: \'Times New Roman\',serif; mso-ansi-language: EN-US;\">DHCP</span><span style=\"font-size: 14.0pt; font-family: \'Times New Roman\',serif;\"> сервер</span></p>\r\n</td>\r\n</tr>\r\n<tr style=\"mso-yfti-irow: 3; mso-yfti-lastrow: yes;\">\r\n<td style=\"width: 164.2pt; border: solid windowtext 1.0pt; border-top: none; mso-border-top-alt: solid windowtext .5pt; mso-border-alt: solid windowtext .5pt; padding: 0cm 5.4pt 0cm 5.4pt;\" valign=\"top\" width=\"219\">\r\n<p class=\"MsoNormal\" style=\"margin-bottom: .0001pt; text-align: justify; line-height: normal;\"><span lang=\"EN-US\" style=\"font-size: 14.0pt; font-family: \'Times New Roman\',serif; mso-ansi-language: EN-US;\">Comp4</span></p>\r\n</td>\r\n<td style=\"width: 164.25pt; border-top: none; border-left: none; border-bottom: solid windowtext 1.0pt; border-right: solid windowtext 1.0pt; mso-border-top-alt: solid windowtext .5pt; mso-border-left-alt: solid windowtext .5pt; mso-border-alt: solid windowtext .5pt; padding: 0cm 5.4pt 0cm 5.4pt;\" valign=\"top\" width=\"219\">\r\n<p class=\"MsoNormal\" style=\"margin-bottom: .0001pt; text-align: justify; line-height: normal;\"><span style=\"font-size: 14.0pt; font-family: \'Times New Roman\',serif;\">Получен с </span><span lang=\"EN-US\" style=\"font-size: 14.0pt; font-family: \'Times New Roman\',serif; mso-ansi-language: EN-US;\">DHCP</span><span style=\"font-size: 14.0pt; font-family: \'Times New Roman\',serif;\"> сервера</span></p>\r\n</td>\r\n<td style=\"width: 164.25pt; border-top: none; border-left: none; border-bottom: solid windowtext 1.0pt; border-right: solid windowtext 1.0pt; mso-border-top-alt: solid windowtext .5pt; mso-border-left-alt: solid windowtext .5pt; mso-border-alt: solid windowtext .5pt; padding: 0cm 5.4pt 0cm 5.4pt;\" valign=\"top\" width=\"219\">\r\n<p class=\"MsoNormal\" style=\"margin-bottom: .0001pt; text-align: justify; line-height: normal;\"><span style=\"font-size: 14.0pt; font-family: \'Times New Roman\',serif;\">Клиент сети</span></p>\r\n</td>\r\n</tr>\r\n</tbody>\r\n</table>\r\n</div>\r\n<p class=\"MsoNormal\" style=\"margin-bottom: .0001pt; text-align: justify; line-height: normal;\">&nbsp;</p>\r\n<p class=\"MsoNormal\" style=\"margin-bottom: .0001pt; text-align: justify; line-height: normal;\"><span style=\"font-size: 14.0pt; font-family: \'Times New Roman\',serif;\">В данной сети на </span><span lang=\"EN-US\" style=\"font-size: 14.0pt; font-family: \'Times New Roman\',serif; mso-ansi-language: EN-US;\">Comp</span><span style=\"font-size: 14.0pt; font-family: \'Times New Roman\',serif;\">2 установлен </span><span lang=\"EN-US\" style=\"font-size: 14.0pt; font-family: \'Times New Roman\',serif; mso-ansi-language: EN-US;\">DNS</span><span style=\"font-size: 14.0pt; font-family: \'Times New Roman\',serif;\"> и </span><span lang=\"EN-US\" style=\"font-size: 14.0pt; font-family: \'Times New Roman\',serif; mso-ansi-language: EN-US;\">Web</span> <span style=\"font-size: 14.0pt; font-family: \'Times New Roman\',serif;\">сервер с сайтом организации.</span></p>\r\n<p class=\"MsoNormal\" style=\"margin-bottom: .0001pt; text-align: justify; line-height: normal;\"><span style=\"font-size: 14.0pt; font-family: \'Times New Roman\',serif;\">На </span><span lang=\"EN-US\" style=\"font-size: 14.0pt; font-family: \'Times New Roman\',serif; mso-ansi-language: EN-US;\">Comp</span><span style=\"font-size: 14.0pt; font-family: \'Times New Roman\',serif;\">3 установлен </span><span lang=\"EN-US\" style=\"font-size: 14.0pt; font-family: \'Times New Roman\',serif; mso-ansi-language: EN-US;\">DHCP</span><span style=\"font-size: 14.0pt; font-family: \'Times New Roman\',serif;\"> сервер. Компьютер </span><span lang=\"EN-US\" style=\"font-size: 14.0pt; font-family: \'Times New Roman\',serif; mso-ansi-language: EN-US;\">Comp</span><span style=\"font-size: 14.0pt; font-family: \'Times New Roman\',serif;\">4 получает с </span><span lang=\"EN-US\" style=\"font-size: 14.0pt; font-family: \'Times New Roman\',serif; mso-ansi-language: EN-US;\">DHCP</span><span style=\"font-size: 14.0pt; font-family: \'Times New Roman\',serif;\"> сервера </span><span lang=\"EN-US\" style=\"font-size: 14.0pt; font-family: \'Times New Roman\',serif; mso-ansi-language: EN-US;\">IP</span><span style=\"font-size: 14.0pt; font-family: \'Times New Roman\',serif;\"> адрес, адрес </span><span lang=\"EN-US\" style=\"font-size: 14.0pt; font-family: \'Times New Roman\',serif; mso-ansi-language: EN-US;\">DNS</span><span style=\"font-size: 14.0pt; font-family: \'Times New Roman\',serif;\"> сервера провайдера (сервер </span><span lang=\"EN-US\" style=\"font-size: 14.0pt; font-family: \'Times New Roman\',serif; mso-ansi-language: EN-US;\">Provider</span><span style=\"font-size: 14.0pt; font-family: \'Times New Roman\',serif;\">) и шлюз. Шлюз в сети &ndash; 192.168.1.1/24.</span></p>\r\n<p class=\"MsoNormal\" style=\"margin-bottom: 0.0001pt; line-height: normal;\"><span style=\"font-size: 14.0pt; font-family: \'Times New Roman\',serif;\"><img class=\"img-fluid\" style=\"display: block; margin-left: auto; margin-right: auto;\" src=\"http://vkr.std-807.ist.mospolytech.ru/storage/practicals/May2019/comp21.png\" alt=\"\" /></span></p>\r\n<p class=\"MsoNormal\" style=\"margin-bottom: .0001pt; text-align: center; line-height: normal;\" align=\"center\"><span lang=\"EN-US\" style=\"font-size: 12.0pt; mso-bidi-font-size: 11.0pt; font-family: \'Times New Roman\',serif; mso-ansi-language: EN-US; mso-no-proof: yes;\">DNS </span><span style=\"font-size: 12.0pt; mso-bidi-font-size: 11.0pt; font-family: \'Times New Roman\',serif; mso-no-proof: yes;\">настройки &ndash; </span><span lang=\"EN-US\" style=\"font-size: 12.0pt; mso-bidi-font-size: 11.0pt; font-family: \'Times New Roman\',serif; mso-ansi-language: EN-US; mso-no-proof: yes;\">Server-PT Comp2</span></p>\r\n<p class=\"MsoNormal\" style=\"margin-bottom: .0001pt; line-height: normal;\"><span style=\"font-size: 14.0pt; mso-bidi-font-size: 11.0pt; font-family: \'Times New Roman\',serif; mso-no-proof: yes;\">Пример кода страницы.</span></p>\r\n<p class=\"MsoNormal\" style=\"margin-bottom: .0001pt; line-height: normal;\"><span style=\"font-size: 12.0pt; font-family: \'Times New Roman\',serif;\">&lt;html&gt;</span></p>\r\n<p class=\"MsoNormal\" style=\"margin-bottom: .0001pt; line-height: normal;\"><span style=\"font-size: 12.0pt; font-family: \'Times New Roman\',serif;\">&lt;b&gt;Yandex.ru - Добро пожаловать&lt;/b&gt;</span></p>\r\n<p class=\"MsoNormal\" style=\"margin-bottom: .0001pt; line-height: normal;\"><span style=\"font-size: 12.0pt; font-family: \'Times New Roman\',serif;\">&lt;/html&gt;</span></p>\r\n<p class=\"MsoNormal\" style=\"margin-bottom: .0001pt; text-align: justify; line-height: normal;\"><span style=\"font-size: 14.0pt; font-family: \'Times New Roman\',serif;\">Сеть 2 &ndash; на </span><span lang=\"EN-US\" style=\"font-size: 14.0pt; font-family: \'Times New Roman\',serif; mso-ansi-language: EN-US;\">Switch</span><span style=\"font-size: 14.0pt; font-family: \'Times New Roman\',serif;\">2 замыкается сеть второй организации (таблица 5.2):</span></p>\r\n<p class=\"MsoNormal\" style=\"margin-bottom: .0001pt; text-align: justify; line-height: normal;\"><span style=\"font-size: 14.0pt; font-family: \'Times New Roman\',serif;\">Таблица 5.2. Сеть второй организации.</span></p>\r\n<p class=\"MsoNormal\" style=\"margin-bottom: .0001pt; text-align: justify; line-height: normal;\">&nbsp;</p>\r\n<table class=\"MsoNormalTable\" style=\"border-collapse: collapse; border: none; mso-border-alt: solid windowtext .5pt; mso-yfti-tbllook: 1184; mso-padding-alt: 0cm 5.4pt 0cm 5.4pt; mso-border-insideh: .5pt solid windowtext; mso-border-insidev: .5pt solid windowtext;\" border=\"1\" cellspacing=\"0\" cellpadding=\"0\">\r\n<tbody>\r\n<tr style=\"mso-yfti-irow: 0; mso-yfti-firstrow: yes;\">\r\n<td style=\"width: 164.2pt; border: solid windowtext 1.0pt; mso-border-alt: solid windowtext .5pt; padding: 0cm 5.4pt 0cm 5.4pt;\" valign=\"top\" width=\"219\">\r\n<p class=\"MsoNormal\" style=\"margin-bottom: .0001pt; text-align: justify; line-height: normal;\"><span style=\"font-size: 14.0pt; font-family: \'Times New Roman\',serif;\">компьютер</span></p>\r\n</td>\r\n<td style=\"width: 164.25pt; border: solid windowtext 1.0pt; border-left: none; mso-border-left-alt: solid windowtext .5pt; mso-border-alt: solid windowtext .5pt; padding: 0cm 5.4pt 0cm 5.4pt;\" valign=\"top\" width=\"219\">\r\n<p class=\"MsoNormal\" style=\"margin-bottom: .0001pt; text-align: justify; line-height: normal;\"><span lang=\"EN-US\" style=\"font-size: 14.0pt; font-family: \'Times New Roman\',serif; mso-ansi-language: EN-US;\">IP</span><span style=\"font-size: 14.0pt; font-family: \'Times New Roman\',serif;\"> адрес</span></p>\r\n</td>\r\n<td style=\"width: 164.25pt; border: solid windowtext 1.0pt; border-left: none; mso-border-left-alt: solid windowtext .5pt; mso-border-alt: solid windowtext .5pt; padding: 0cm 5.4pt 0cm 5.4pt;\" valign=\"top\" width=\"219\">\r\n<p class=\"MsoNormal\" style=\"margin-bottom: .0001pt; text-align: justify; line-height: normal;\"><span style=\"font-size: 14.0pt; font-family: \'Times New Roman\',serif;\">Функции</span></p>\r\n</td>\r\n</tr>\r\n<tr style=\"mso-yfti-irow: 1;\">\r\n<td style=\"width: 164.2pt; border: solid windowtext 1.0pt; border-top: none; mso-border-top-alt: solid windowtext .5pt; mso-border-alt: solid windowtext .5pt; padding: 0cm 5.4pt 0cm 5.4pt;\" valign=\"top\" width=\"219\">\r\n<p class=\"MsoNormal\" style=\"margin-bottom: .0001pt; text-align: justify; line-height: normal;\"><span lang=\"EN-US\" style=\"font-size: 14.0pt; font-family: \'Times New Roman\',serif; mso-ansi-language: EN-US;\">Comp</span><span style=\"font-size: 14.0pt; font-family: \'Times New Roman\',serif;\">5</span></p>\r\n</td>\r\n<td style=\"width: 164.25pt; border-top: none; border-left: none; border-bottom: solid windowtext 1.0pt; border-right: solid windowtext 1.0pt; mso-border-top-alt: solid windowtext .5pt; mso-border-left-alt: solid windowtext .5pt; mso-border-alt: solid windowtext .5pt; padding: 0cm 5.4pt 0cm 5.4pt;\" valign=\"top\" width=\"219\">\r\n<p class=\"MsoNormal\" style=\"margin-bottom: .0001pt; text-align: justify; line-height: normal;\"><span style=\"font-size: 14.0pt; font-family: \'Times New Roman\',serif;\">10.0.0.5</span><span lang=\"EN-US\" style=\"font-size: 14.0pt; font-family: \'Times New Roman\',serif; mso-ansi-language: EN-US;\">/</span><span style=\"font-size: 14.0pt; font-family: \'Times New Roman\',serif;\">8</span></p>\r\n</td>\r\n<td style=\"width: 164.25pt; border-top: none; border-left: none; border-bottom: solid windowtext 1.0pt; border-right: solid windowtext 1.0pt; mso-border-top-alt: solid windowtext .5pt; mso-border-left-alt: solid windowtext .5pt; mso-border-alt: solid windowtext .5pt; padding: 0cm 5.4pt 0cm 5.4pt;\" valign=\"top\" width=\"219\">\r\n<p class=\"MsoNormal\" style=\"margin-bottom: .0001pt; text-align: justify; line-height: normal;\"><span lang=\"EN-US\" style=\"font-size: 14.0pt; font-family: \'Times New Roman\',serif; mso-ansi-language: EN-US;\">DNS </span><span style=\"font-size: 14.0pt; font-family: \'Times New Roman\',serif;\">и </span><span lang=\"EN-US\" style=\"font-size: 14.0pt; font-family: \'Times New Roman\',serif; mso-ansi-language: EN-US;\">HTTP</span><span style=\"font-size: 14.0pt; font-family: \'Times New Roman\',serif;\"> сервер</span></p>\r\n</td>\r\n</tr>\r\n<tr style=\"mso-yfti-irow: 2;\">\r\n<td style=\"width: 164.2pt; border: solid windowtext 1.0pt; border-top: none; mso-border-top-alt: solid windowtext .5pt; mso-border-alt: solid windowtext .5pt; padding: 0cm 5.4pt 0cm 5.4pt;\" valign=\"top\" width=\"219\">\r\n<p class=\"MsoNormal\" style=\"margin-bottom: .0001pt; text-align: justify; line-height: normal;\"><span lang=\"EN-US\" style=\"font-size: 14.0pt; font-family: \'Times New Roman\',serif; mso-ansi-language: EN-US;\">Comp</span><span style=\"font-size: 14.0pt; font-family: \'Times New Roman\',serif;\">6</span></p>\r\n</td>\r\n<td style=\"width: 164.25pt; border-top: none; border-left: none; border-bottom: solid windowtext 1.0pt; border-right: solid windowtext 1.0pt; mso-border-top-alt: solid windowtext .5pt; mso-border-left-alt: solid windowtext .5pt; mso-border-alt: solid windowtext .5pt; padding: 0cm 5.4pt 0cm 5.4pt;\" valign=\"top\" width=\"219\">\r\n<p class=\"MsoNormal\" style=\"margin-bottom: .0001pt; text-align: justify; line-height: normal;\"><span style=\"font-size: 14.0pt; font-family: \'Times New Roman\',serif;\">10.0.0.6</span><span lang=\"EN-US\" style=\"font-size: 14.0pt; font-family: \'Times New Roman\',serif; mso-ansi-language: EN-US;\">/</span><span style=\"font-size: 14.0pt; font-family: \'Times New Roman\',serif;\">8</span></p>\r\n</td>\r\n<td style=\"width: 164.25pt; border-top: none; border-left: none; border-bottom: solid windowtext 1.0pt; border-right: solid windowtext 1.0pt; mso-border-top-alt: solid windowtext .5pt; mso-border-left-alt: solid windowtext .5pt; mso-border-alt: solid windowtext .5pt; padding: 0cm 5.4pt 0cm 5.4pt;\" valign=\"top\" width=\"219\">\r\n<p class=\"MsoNormal\" style=\"margin-bottom: .0001pt; text-align: justify; line-height: normal;\"><span lang=\"EN-US\" style=\"font-size: 14.0pt; font-family: \'Times New Roman\',serif; mso-ansi-language: EN-US;\">DHCP</span><span style=\"font-size: 14.0pt; font-family: \'Times New Roman\',serif;\"> сервер</span></p>\r\n</td>\r\n</tr>\r\n<tr style=\"mso-yfti-irow: 3; mso-yfti-lastrow: yes;\">\r\n<td style=\"width: 164.2pt; border: solid windowtext 1.0pt; border-top: none; mso-border-top-alt: solid windowtext .5pt; mso-border-alt: solid windowtext .5pt; padding: 0cm 5.4pt 0cm 5.4pt;\" valign=\"top\" width=\"219\">\r\n<p class=\"MsoNormal\" style=\"margin-bottom: .0001pt; text-align: justify; line-height: normal;\"><span lang=\"EN-US\" style=\"font-size: 14.0pt; font-family: \'Times New Roman\',serif; mso-ansi-language: EN-US;\">Comp</span><span style=\"font-size: 14.0pt; font-family: \'Times New Roman\',serif;\">7</span></p>\r\n</td>\r\n<td style=\"width: 164.25pt; border-top: none; border-left: none; border-bottom: solid windowtext 1.0pt; border-right: solid windowtext 1.0pt; mso-border-top-alt: solid windowtext .5pt; mso-border-left-alt: solid windowtext .5pt; mso-border-alt: solid windowtext .5pt; padding: 0cm 5.4pt 0cm 5.4pt;\" valign=\"top\" width=\"219\">\r\n<p class=\"MsoNormal\" style=\"margin-bottom: .0001pt; text-align: justify; line-height: normal;\"><span style=\"font-size: 14.0pt; font-family: \'Times New Roman\',serif;\">Получен с </span><span lang=\"EN-US\" style=\"font-size: 14.0pt; font-family: \'Times New Roman\',serif; mso-ansi-language: EN-US;\">DHCP</span><span style=\"font-size: 14.0pt; font-family: \'Times New Roman\',serif;\"> сервера</span></p>\r\n</td>\r\n<td style=\"width: 164.25pt; border-top: none; border-left: none; border-bottom: solid windowtext 1.0pt; border-right: solid windowtext 1.0pt; mso-border-top-alt: solid windowtext .5pt; mso-border-left-alt: solid windowtext .5pt; mso-border-alt: solid windowtext .5pt; padding: 0cm 5.4pt 0cm 5.4pt;\" valign=\"top\" width=\"219\">\r\n<p class=\"MsoNormal\" style=\"margin-bottom: .0001pt; text-align: justify; line-height: normal;\"><span style=\"font-size: 14.0pt; font-family: \'Times New Roman\',serif;\">Клиент сети</span></p>\r\n</td>\r\n</tr>\r\n</tbody>\r\n</table>\r\n<p class=\"MsoNormal\" style=\"margin-bottom: .0001pt; text-align: justify; line-height: normal;\"><span style=\"font-size: 14.0pt; font-family: \'Times New Roman\',serif;\"><br />В данной сети на </span><span lang=\"EN-US\" style=\"font-size: 14.0pt; font-family: \'Times New Roman\',serif; mso-ansi-language: EN-US;\">Comp</span><span style=\"font-size: 14.0pt; font-family: \'Times New Roman\',serif;\">5 установлен </span><span lang=\"EN-US\" style=\"font-size: 14.0pt; font-family: \'Times New Roman\',serif; mso-ansi-language: EN-US;\">DNS</span><span style=\"font-size: 14.0pt; font-family: \'Times New Roman\',serif;\"> и </span><span lang=\"EN-US\" style=\"font-size: 14.0pt; font-family: \'Times New Roman\',serif; mso-ansi-language: EN-US;\">Web</span> <span style=\"font-size: 14.0pt; font-family: \'Times New Roman\',serif;\">сервер с сайтом организации.</span></p>\r\n<p class=\"MsoNormal\" style=\"margin-bottom: .0001pt; text-align: justify; line-height: normal;\">&nbsp;</p>\r\n<p class=\"MsoNormal\" style=\"margin-bottom: 0.0001pt; line-height: normal;\"><img class=\"img-fluid\" style=\"display: block; margin-left: auto; margin-right: auto;\" src=\"http://vkr.std-807.ist.mospolytech.ru/storage/practicals/May2019/comp5.png\" alt=\"\" /></p>\r\n<p class=\"MsoNormal\" style=\"margin-bottom: .0001pt; text-align: center; line-height: normal;\" align=\"center\"><span lang=\"EN-US\" style=\"font-size: 12.0pt; mso-bidi-font-size: 11.0pt; font-family: \'Times New Roman\',serif; mso-ansi-language: EN-US; mso-no-proof: yes;\">DNS</span> <span style=\"font-size: 12.0pt; mso-bidi-font-size: 11.0pt; font-family: \'Times New Roman\',serif; mso-no-proof: yes;\">настройки &ndash; </span><span lang=\"EN-US\" style=\"font-size: 12.0pt; mso-bidi-font-size: 11.0pt; font-family: \'Times New Roman\',serif; mso-ansi-language: EN-US; mso-no-proof: yes;\">Server</span><span style=\"font-size: 12.0pt; mso-bidi-font-size: 11.0pt; font-family: \'Times New Roman\',serif; mso-no-proof: yes;\">-</span><span lang=\"EN-US\" style=\"font-size: 12.0pt; mso-bidi-font-size: 11.0pt; font-family: \'Times New Roman\',serif; mso-ansi-language: EN-US; mso-no-proof: yes;\">PT</span> <span lang=\"EN-US\" style=\"font-size: 12.0pt; mso-bidi-font-size: 11.0pt; font-family: \'Times New Roman\',serif; mso-ansi-language: EN-US; mso-no-proof: yes;\">Comp</span><span style=\"font-size: 12.0pt; mso-bidi-font-size: 11.0pt; font-family: \'Times New Roman\',serif; mso-no-proof: yes;\">5</span><span style=\"font-family: \'Times New Roman\', serif; font-size: 14pt;\">&nbsp;</span></p>\r\n<p class=\"MsoNormal\" style=\"margin-bottom: .0001pt; text-align: center; line-height: normal;\" align=\"center\">&nbsp;</p>\r\n<p class=\"MsoNormal\" style=\"margin-bottom: .0001pt; text-align: justify; line-height: normal;\"><span style=\"font-size: 14.0pt; mso-bidi-font-size: 11.0pt; font-family: \'Times New Roman\',serif; mso-no-proof: yes;\">Пример кода страницы</span><span lang=\"EN-US\" style=\"font-size: 14.0pt; mso-bidi-font-size: 11.0pt; font-family: \'Times New Roman\',serif; mso-ansi-language: EN-US; mso-no-proof: yes;\">.</span></p>\r\n<p class=\"MsoNormal\" style=\"margin-bottom: .0001pt; line-height: normal;\"><span lang=\"EN-US\" style=\"font-size: 12.0pt; font-family: \'Times New Roman\',serif; mso-ansi-language: EN-US;\">&lt;html&gt;</span></p>\r\n<p class=\"MsoNormal\" style=\"margin-bottom: .0001pt; line-height: normal;\"><span lang=\"EN-US\" style=\"font-size: 12.0pt; font-family: \'Times New Roman\',serif; mso-ansi-language: EN-US;\">&lt;center&gt;</span><span style=\"font-size: 12.0pt; font-family: \'Times New Roman\',serif;\">Сайт</span> <span style=\"font-size: 12.0pt; font-family: \'Times New Roman\',serif;\">организации</span><span lang=\"EN-US\" style=\"font-size: 12.0pt; font-family: \'Times New Roman\',serif; mso-ansi-language: EN-US;\"> rambler&lt;/center&gt;</span></p>\r\n<p class=\"MsoNormal\" style=\"margin-bottom: .0001pt; text-align: justify; line-height: normal;\"><span style=\"font-size: 12.0pt; font-family: \'Times New Roman\',serif;\">&lt;/html&gt;</span></p>\r\n<p class=\"MsoNormal\" style=\"margin-bottom: .0001pt; text-align: justify; line-height: normal;\">&nbsp;</p>\r\n<p class=\"MsoNormal\" style=\"margin-bottom: .0001pt; text-align: justify; line-height: normal;\"><span style=\"font-size: 14.0pt; font-family: \'Times New Roman\',serif;\">На </span><span lang=\"EN-US\" style=\"font-size: 14.0pt; font-family: \'Times New Roman\',serif; mso-ansi-language: EN-US;\">Comp</span><span style=\"font-size: 14.0pt; font-family: \'Times New Roman\',serif;\">7 установлен </span><span lang=\"EN-US\" style=\"font-size: 14.0pt; font-family: \'Times New Roman\',serif; mso-ansi-language: EN-US;\">DHCP</span><span style=\"font-size: 14.0pt; font-family: \'Times New Roman\',serif;\"> сервер. Компьютер </span><span lang=\"EN-US\" style=\"font-size: 14.0pt; font-family: \'Times New Roman\',serif; mso-ansi-language: EN-US;\">Comp</span><span style=\"font-size: 14.0pt; font-family: \'Times New Roman\',serif;\">7 получает с </span><span lang=\"EN-US\" style=\"font-size: 14.0pt; font-family: \'Times New Roman\',serif; mso-ansi-language: EN-US;\">DHCP</span><span style=\"font-size: 14.0pt; font-family: \'Times New Roman\',serif;\"> сервера </span><span lang=\"EN-US\" style=\"font-size: 14.0pt; font-family: \'Times New Roman\',serif; mso-ansi-language: EN-US;\">IP</span><span style=\"font-size: 14.0pt; font-family: \'Times New Roman\',serif;\"> адрес, адрес </span><span lang=\"EN-US\" style=\"font-size: 14.0pt; font-family: \'Times New Roman\',serif; mso-ansi-language: EN-US;\">DNS</span><span style=\"font-size: 14.0pt; font-family: \'Times New Roman\',serif;\"> сервера провайдера (сервер </span><span lang=\"EN-US\" style=\"font-size: 14.0pt; font-family: \'Times New Roman\',serif; mso-ansi-language: EN-US;\">Provider</span><span style=\"font-size: 14.0pt; font-family: \'Times New Roman\',serif;\">) и шлюз. Шлюз в сети &ndash; 10.0.0.1/8.</span></p>\r\n<p class=\"MsoNormal\" style=\"margin-bottom: .0001pt; text-align: justify; line-height: normal;\"><span style=\"font-size: 14.0pt; font-family: \'Times New Roman\',serif;\">Сеть 3 &ndash; на </span><span lang=\"EN-US\" style=\"font-size: 14.0pt; font-family: \'Times New Roman\',serif; mso-ansi-language: EN-US;\">Hub</span><span style=\"font-size: 14.0pt; font-family: \'Times New Roman\',serif;\">-</span><span lang=\"EN-US\" style=\"font-size: 14.0pt; font-family: \'Times New Roman\',serif; mso-ansi-language: EN-US;\">PT</span> <span lang=\"EN-US\" style=\"font-size: 14.0pt; font-family: \'Times New Roman\',serif; mso-ansi-language: EN-US;\">Hub</span><span style=\"font-size: 14.0pt; font-family: \'Times New Roman\',serif;\"> 1 замыкается городская сеть 200.200.200.0/24. В сети установлен </span><span lang=\"EN-US\" style=\"font-size: 14.0pt; font-family: \'Times New Roman\',serif; mso-ansi-language: EN-US;\">DNS</span><span style=\"font-size: 14.0pt; font-family: \'Times New Roman\',serif;\"> сервер провайдера (комьютер </span><span lang=\"EN-US\" style=\"font-size: 14.0pt; font-family: \'Times New Roman\',serif; mso-ansi-language: EN-US;\">Provaider</span> <span style=\"font-size: 14.0pt; font-family: \'Times New Roman\',serif;\">с </span><span lang=\"EN-US\" style=\"font-size: 14.0pt; font-family: \'Times New Roman\',serif; mso-ansi-language: EN-US;\">IP</span><span style=\"font-size: 14.0pt; font-family: \'Times New Roman\',serif;\"> адресом -200.200.200.10/24), содержащий данные по всем сайтам сети (</span><span lang=\"EN-US\" style=\"font-size: 14.0pt; font-family: \'Times New Roman\',serif; mso-ansi-language: EN-US;\">Comp</span><span style=\"font-size: 14.0pt; font-family: \'Times New Roman\',serif;\">2, </span><span lang=\"EN-US\" style=\"font-size: 14.0pt; font-family: \'Times New Roman\',serif; mso-ansi-language: EN-US;\">Comp</span><span style=\"font-size: 14.0pt; font-family: \'Times New Roman\',serif;\">5, </span><span lang=\"EN-US\" style=\"font-size: 14.0pt; font-family: \'Times New Roman\',serif; mso-ansi-language: EN-US;\">Comp</span><span style=\"font-size: 14.0pt; font-family: \'Times New Roman\',serif;\">8). Шлюз в сети &ndash; 192.168.1.1</span><span lang=\"EN-US\" style=\"font-size: 14.0pt; font-family: \'Times New Roman\',serif; mso-ansi-language: EN-US;\">/24.</span></p>\r\n<p class=\"MsoNormal\" style=\"margin-bottom: .0001pt; text-align: justify; line-height: normal;\"><span style=\"font-size: 14.0pt; font-family: \'Times New Roman\',serif;\">Сеть 4 &ndash; маршрутизатор </span><span lang=\"EN-US\" style=\"font-size: 14.0pt; font-family: \'Times New Roman\',serif; mso-ansi-language: EN-US;\">Router</span><span style=\"font-size: 14.0pt; font-family: \'Times New Roman\',serif;\">3 выводит городскую сеть в интернет через коммутатор </span><span lang=\"EN-US\" style=\"font-size: 14.0pt; font-family: \'Times New Roman\',serif; mso-ansi-language: EN-US;\">Switch</span><span style=\"font-size: 14.0pt; font-family: \'Times New Roman\',serif;\">3 (сеть 210.210.210.0/24). На </span><span lang=\"EN-US\" style=\"font-size: 14.0pt; font-family: \'Times New Roman\',serif; mso-ansi-language: EN-US;\">Comp</span><span style=\"font-size: 14.0pt; font-family: \'Times New Roman\',serif;\">8 (</span><span lang=\"EN-US\" style=\"font-size: 14.0pt; font-family: \'Times New Roman\',serif; mso-ansi-language: EN-US;\">IP</span> <span style=\"font-size: 14.0pt; font-family: \'Times New Roman\',serif;\">адрес 210.210.210.8/24, шлюз 210.210.210.3/24.) установлен </span><span lang=\"EN-US\" style=\"font-size: 14.0pt; font-family: \'Times New Roman\',serif; mso-ansi-language: EN-US;\">DNS</span><span style=\"font-size: 14.0pt; font-family: \'Times New Roman\',serif;\"> и </span><span lang=\"EN-US\" style=\"font-size: 14.0pt; font-family: \'Times New Roman\',serif; mso-ansi-language: EN-US;\">Web</span> <span style=\"font-size: 14.0pt; font-family: \'Times New Roman\',serif;\">сервер с сайтом.</span></p>\r\n<p class=\"MsoNormal\" style=\"margin-bottom: 0.0001pt; line-height: normal;\"><img class=\"img-fluid\" style=\"display: block; margin-left: auto; margin-right: auto;\" src=\"http://vkr.std-807.ist.mospolytech.ru/storage/practicals/May2019/comp8.png\" alt=\"\" /></p>\r\n<p class=\"MsoNormal\" style=\"margin-bottom: .0001pt; text-align: center; line-height: normal;\" align=\"center\"><span lang=\"EN-US\" style=\"font-size: 12.0pt; mso-bidi-font-size: 11.0pt; font-family: \'Times New Roman\',serif; mso-ansi-language: EN-US; mso-no-proof: yes;\">DNS </span><span style=\"font-size: 12.0pt; mso-bidi-font-size: 11.0pt; font-family: \'Times New Roman\',serif; mso-no-proof: yes;\">настройки &ndash; </span><span lang=\"EN-US\" style=\"font-size: 12.0pt; mso-bidi-font-size: 11.0pt; font-family: \'Times New Roman\',serif; mso-ansi-language: EN-US; mso-no-proof: yes;\">Server-PT Comp8</span></p>\r\n<p class=\"MsoNormal\" style=\"margin-bottom: .0001pt; text-align: justify; line-height: normal;\"><span style=\"font-size: 14.0pt; font-family: \'Times New Roman\',serif;\">Маршрутизаторы имеют по два интерфейса:</span></p>\r\n<p class=\"MsoNormal\" style=\"margin-bottom: .0001pt; text-align: justify; line-height: normal;\"><span lang=\"EN-US\" style=\"font-size: 14.0pt; font-family: \'Times New Roman\',serif; mso-ansi-language: EN-US;\">Router1 &ndash; 192.168.1.1/24 </span><span style=\"font-size: 14.0pt; font-family: \'Times New Roman\',serif;\">и</span><span lang=\"EN-US\" style=\"font-size: 14.0pt; font-family: \'Times New Roman\',serif; mso-ansi-language: EN-US;\"> 200.200.200.1/24.</span></p>\r\n<p class=\"MsoNormal\" style=\"margin-bottom: .0001pt; text-align: justify; line-height: normal;\"><span lang=\"EN-US\" style=\"font-size: 14.0pt; font-family: \'Times New Roman\',serif; mso-ansi-language: EN-US;\">Router2 &ndash; 10.0.0.1/8 </span><span style=\"font-size: 14.0pt; font-family: \'Times New Roman\',serif;\">и</span><span lang=\"EN-US\" style=\"font-size: 14.0pt; font-family: \'Times New Roman\',serif; mso-ansi-language: EN-US;\"> 200.200.200.2/24.</span></p>\r\n<p class=\"MsoNormal\" style=\"margin-bottom: .0001pt; text-align: justify; line-height: normal;\"><span lang=\"EN-US\" style=\"font-size: 14.0pt; font-family: \'Times New Roman\',serif; mso-ansi-language: EN-US;\">Router3 &ndash; 210.210.210.3/24 </span><span style=\"font-size: 14.0pt; font-family: \'Times New Roman\',serif;\">и</span><span lang=\"EN-US\" style=\"font-size: 14.0pt; font-family: \'Times New Roman\',serif; mso-ansi-language: EN-US;\"> 200.200.200.3/24.</span></p>\r\n<p class=\"MsoNormal\" style=\"margin-bottom: .0001pt; text-align: justify; line-height: normal;\"><span style=\"font-size: 14.0pt; font-family: \'Times New Roman\',serif;\">Задача:</span></p>\r\n<p class=\"MsoNormal\" style=\"margin-bottom: .0001pt; text-align: justify; line-height: normal;\"><span style=\"font-size: 14.0pt; font-family: \'Times New Roman\',serif;\">1 &ndash; настроить сети организаций;</span></p>\r\n<p class=\"MsoNormal\" style=\"margin-bottom: .0001pt; text-align: justify; line-height: normal;\"><span style=\"font-size: 14.0pt; font-family: \'Times New Roman\',serif;\">2 &ndash; настроить </span><span lang=\"EN-US\" style=\"font-size: 14.0pt; font-family: \'Times New Roman\',serif; mso-ansi-language: EN-US;\">DNS</span><span style=\"font-size: 14.0pt; font-family: \'Times New Roman\',serif;\"> сервер провайдера;</span></p>\r\n<p class=\"MsoNormal\" style=\"margin-bottom: .0001pt; text-align: justify; line-height: normal;\"><span style=\"font-size: 14.0pt; font-family: \'Times New Roman\',serif;\">3 &ndash; настроить статические таблицы маршрутизации на роутерах;</span></p>\r\n<p class=\"MsoNormal\" style=\"margin-bottom: .0001pt; text-align: justify; line-height: normal;\"><span style=\"font-size: 14.0pt; font-family: \'Times New Roman\',serif;\">4 &ndash; проверить работу сети &ndash; на каждом из компьютеров - <span style=\"mso-spacerun: yes;\">&nbsp;</span></span><span lang=\"EN-US\" style=\"font-size: 14.0pt; font-family: \'Times New Roman\',serif; mso-ansi-language: EN-US;\">Comp</span><span style=\"font-size: 14.0pt; font-family: \'Times New Roman\',serif;\">4, </span><span lang=\"EN-US\" style=\"font-size: 14.0pt; font-family: \'Times New Roman\',serif; mso-ansi-language: EN-US;\">Comp</span><span style=\"font-size: 14.0pt; font-family: \'Times New Roman\',serif;\">7 и </span><span lang=\"EN-US\" style=\"font-size: 14.0pt; font-family: \'Times New Roman\',serif; mso-ansi-language: EN-US;\">Comp</span><span style=\"font-size: 14.0pt; font-family: \'Times New Roman\',serif;\">8. С каждого из них должны открываться все три сайта корпоративной сети.</span></p>\r\n<p class=\"MsoNormal\" style=\"margin-bottom: .0001pt; text-align: justify; line-height: normal;\"><span style=\"font-size: 14.0pt; font-family: \'Times New Roman\',serif;\">Приступим к настройке статической маршрутизации на роутерах. Поскольку на представленной схеме четыре сети, то таблицы маршрутизации как минимум должны содержать записи к каждой из этих сетей &ndash; т.е. четыре записи. На роутерах </span><span lang=\"EN-US\" style=\"font-size: 14.0pt; font-family: \'Times New Roman\',serif; mso-ansi-language: EN-US;\">Cisco</span><span style=\"font-size: 14.0pt; font-family: \'Times New Roman\',serif;\"> в таблицах маршрутизации как правило не прописываются пути к сетям, к которым подсоединены интерфейсы роутера. Поэтому на каждом роутере необходимо внести по две записи.</span></p>\r\n<p class=\"MsoNormal\" style=\"margin-bottom: .0001pt; text-align: justify; line-height: normal;\"><span style=\"font-size: 14.0pt; font-family: \'Times New Roman\',serif;\">Для этого войдите в конфигурацию маршрутизатора и в интерфейсах установите </span><span lang=\"EN-US\" style=\"font-size: 14.0pt; font-family: \'Times New Roman\',serif; mso-ansi-language: EN-US;\">IP</span><span style=\"font-size: 14.0pt; font-family: \'Times New Roman\',serif;\"> адрес и маску подсети. Затем в разделе МАРШРУТИЗАЦИЯ откройте вкладку СТАТИЧЕСКАЯ, внесите данные (рис.5.2) и нажмите кнопку ДОБАВИТЬ:</span></p>\r\n<p class=\"MsoNormal\" style=\"margin-bottom: 0.0001pt; line-height: normal;\"><img class=\"img-fluid\" style=\"display: block; margin-left: auto; margin-right: auto;\" src=\"http://vkr.std-807.ist.mospolytech.ru/storage/practicals/May2019/route1.png\" alt=\"\" /></p>\r\n<p class=\"MsoNormal\" style=\"margin-bottom: 0.0001pt; line-height: normal;\"><img class=\"img-fluid\" style=\"display: block; margin-left: auto; margin-right: auto;\" src=\"http://vkr.std-807.ist.mospolytech.ru/storage/practicals/May2019/route2.png\" alt=\"\" /></p>\r\n<p class=\"MsoNormal\" style=\"margin-bottom: 0.0001pt; line-height: normal;\"><img class=\"img-fluid\" style=\"display: block; margin-left: auto; margin-right: auto;\" src=\"http://vkr.std-807.ist.mospolytech.ru/storage/practicals/May2019/route3.png\" alt=\"\" /></p>\r\n<p class=\"MsoNormal\" style=\"margin-bottom: .0001pt; text-align: justify; line-height: normal;\"><span style=\"font-size: 14.0pt; font-family: \'Times New Roman\',serif;\">После настройки всех роутеров в вашей сети станут доступны </span><span lang=\"EN-US\" style=\"font-size: 14.0pt; font-family: \'Times New Roman\',serif; mso-ansi-language: EN-US;\">IP</span><span style=\"font-size: 14.0pt; font-family: \'Times New Roman\',serif;\"> адреса любого компьютера и вы сможете открыть любой сайт с компьютеров </span><span lang=\"EN-US\" style=\"font-size: 14.0pt; font-family: \'Times New Roman\',serif; mso-ansi-language: EN-US;\">Comp</span><span style=\"font-size: 14.0pt; font-family: \'Times New Roman\',serif;\">4, </span><span lang=\"EN-US\" style=\"font-size: 14.0pt; font-family: \'Times New Roman\',serif; mso-ansi-language: EN-US;\">Comp</span><span style=\"font-size: 14.0pt; font-family: \'Times New Roman\',serif;\">7 и </span><span lang=\"EN-US\" style=\"font-size: 14.0pt; font-family: \'Times New Roman\',serif; mso-ansi-language: EN-US;\">Comp</span><span style=\"font-size: 14.0pt; font-family: \'Times New Roman\',serif;\">8.</span></p>', '[{\"download_link\":\"practicals\\/May2019\\/l8DSCHh6msElneEwjynL.pka\",\"original_name\":\"\\u041b\\u0430\\u0431\\u043e\\u0440\\u0430\\u0442\\u043e\\u0440\\u043d\\u0430\\u044f \\u0440\\u0430\\u0431\\u043e\\u0442\\u0430 \\u21165. \\u041d\\u0430\\u0441\\u0442\\u0440\\u043e\\u0439\\u043a\\u0430 \\u0441\\u0442\\u0430\\u0442\\u0438\\u0447\\u0435\\u0441\\u043a\\u043e\\u0439 \\u043c\\u0430\\u0440\\u0448\\u0440\\u0443\\u0442\\u0438\\u0437\\u0430\\u0446\\u0438\\u0438..pka\"}]', 'practicals\\May2019\\5nraMG7WmnENYSILm0Ph.png', 1, '2019-05-12 10:19:00', '2019-05-24 20:43:08');
INSERT INTO `practicals` (`id`, `name`, `description`, `body`, `file`, `image`, `user_id`, `created_at`, `updated_at`) VALUES
(14, 'Лабораторная работа №4. Настройка сетевых сервисов.', 'В данной лабораторной работе вы будете проводить настройку таких сетевых сервисов, как: HTTP, DHCP, DNS в составе сервера сети.', '<p class=\"MsoNormal\" style=\"margin-bottom: .0001pt; text-align: justify; line-height: normal;\"><span style=\"font-size: 14.0pt; font-family: \'Times New Roman\',serif;\">Создайте следующую схему сети, представленную на рис. 3.1:</span></p>\r\n<p class=\"MsoNormal\" style=\"margin-bottom: .0001pt; text-align: justify; line-height: normal;\"><span style=\"font-size: 14.0pt; font-family: \'Times New Roman\',serif;\"><img class=\"img-fluid\" src=\"http://vkr.std-807.ist.mospolytech.ru/storage/practicals/May2019/4.PNG\" alt=\"\" /></span></p>\r\n<p class=\"MsoNormal\" style=\"margin-bottom: .0001pt; text-align: justify; line-height: normal;\"><span style=\"font-size: 14.0pt; font-family: \'Times New Roman\',serif;\">Рис.3.1. Схема сети.</span></p>\r\n<p class=\"MsoNormal\" style=\"margin-bottom: .0001pt; text-align: justify; line-height: normal;\"><span style=\"font-size: 14.0pt; font-family: \'Times New Roman\',serif;\">Задача:</span></p>\r\n<p class=\"MsoNormal\" style=\"margin-bottom: .0001pt; text-align: justify; line-height: normal;\"><span style=\"font-size: 14.0pt; font-family: \'Times New Roman\',serif;\">Настроить сеть следующим образом:</span></p>\r\n<p class=\"MsoNormal\" style=\"margin-bottom: .0001pt; text-align: justify; line-height: normal;\"><span lang=\"EN-US\" style=\"font-size: 14.0pt; font-family: \'Times New Roman\',serif; mso-ansi-language: EN-US;\">1 - DNS </span><span style=\"font-size: 14.0pt; font-family: \'Times New Roman\',serif;\">и</span><span style=\"font-size: 14.0pt; font-family: \'Times New Roman\',serif; mso-ansi-language: EN-US;\"> <span lang=\"EN-US\">Web </span></span><span style=\"font-size: 14.0pt; font-family: \'Times New Roman\',serif;\">сервер</span><span lang=\"EN-US\" style=\"font-size: 14.0pt; font-family: \'Times New Roman\',serif; mso-ansi-language: EN-US;\">;</span></p>\r\n<p class=\"MsoNormal\" style=\"margin-bottom: .0001pt; text-align: justify; line-height: normal;\"><span lang=\"EN-US\" style=\"font-size: 14.0pt; font-family: \'Times New Roman\',serif; mso-ansi-language: EN-US;\">2 - DHCP </span><span style=\"font-size: 14.0pt; font-family: \'Times New Roman\',serif;\">сервер</span><span lang=\"EN-US\" style=\"font-size: 14.0pt; font-family: \'Times New Roman\',serif; mso-ansi-language: EN-US;\">;</span></p>\r\n<p class=\"MsoNormal\" style=\"margin-bottom: .0001pt; text-align: justify; line-height: normal;\"><span style=\"font-size: 14.0pt; font-family: \'Times New Roman\',serif;\">3 - Компьютер ПК1 получает параметры протокола </span><span lang=\"EN-US\" style=\"font-size: 14.0pt; font-family: \'Times New Roman\',serif; mso-ansi-language: EN-US;\">TCP</span><span style=\"font-size: 14.0pt; font-family: \'Times New Roman\',serif;\">/</span><span lang=\"EN-US\" style=\"font-size: 14.0pt; font-family: \'Times New Roman\',serif; mso-ansi-language: EN-US;\">IP</span> <span lang=\"EN-US\" style=\"font-size: 14.0pt; font-family: \'Times New Roman\',serif; mso-ansi-language: EN-US;\">c</span> <span lang=\"EN-US\" style=\"font-size: 14.0pt; font-family: \'Times New Roman\',serif; mso-ansi-language: EN-US;\">DHCP</span><span style=\"font-size: 14.0pt; font-family: \'Times New Roman\',serif;\"> сервера и открывает сайт www.rambler.ru</span><span lang=\"EN-US\" style=\"font-size: 14.0pt; font-family: \'Times New Roman\',serif;\">&nbsp;</span><span style=\"font-size: 14.0pt; font-family: \'Times New Roman\',serif;\">на </span><span lang=\"EN-US\" style=\"font-size: 14.0pt; font-family: \'Times New Roman\',serif; mso-ansi-language: EN-US;\">Server</span><span style=\"font-size: 14.0pt; font-family: \'Times New Roman\',serif;\">1.</span></p>\r\n<p class=\"MsoNormal\" style=\"margin-bottom: .0001pt; text-align: justify; line-height: normal;\">&nbsp;</p>\r\n<p class=\"MsoNormal\" style=\"margin-bottom: .0001pt; text-align: justify; line-height: normal;\"><span style=\"font-size: 14.0pt; font-family: \'Times New Roman\',serif;\">Этап 1.</span></p>\r\n<p class=\"MsoNormal\" style=\"margin-bottom: .0001pt; text-align: justify; line-height: normal;\"><span style=\"font-size: 14.0pt; font-family: \'Times New Roman\',serif;\">Задайте параметры&nbsp; протокола </span><span lang=\"EN-US\" style=\"font-size: 14.0pt; font-family: \'Times New Roman\',serif; mso-ansi-language: EN-US;\">TCP</span><span style=\"font-size: 14.0pt; font-family: \'Times New Roman\',serif;\">/</span><span lang=\"EN-US\" style=\"font-size: 14.0pt; font-family: \'Times New Roman\',serif; mso-ansi-language: EN-US;\">IP</span><span style=\"font-size: 14.0pt; font-family: \'Times New Roman\',serif;\"> на ПК1 и серверах.</span></p>\r\n<p class=\"MsoNormal\" style=\"margin-bottom: .0001pt; text-align: justify; line-height: normal;\">&nbsp;</p>\r\n<p class=\"MsoNormal\" style=\"margin-bottom: .0001pt; text-align: justify; line-height: normal;\"><span style=\"font-size: 14.0pt; font-family: \'Times New Roman\',serif;\">Войдите в конфигурацию ПК1 и установите настройку </span><span lang=\"EN-US\" style=\"font-size: 14.0pt; font-family: \'Times New Roman\',serif; mso-ansi-language: EN-US;\">IP</span><span style=\"font-size: 14.0pt; font-family: \'Times New Roman\',serif;\"> через </span><span lang=\"EN-US\" style=\"font-size: 14.0pt; font-family: \'Times New Roman\',serif; mso-ansi-language: EN-US;\">DHCP</span><span style=\"font-size: 14.0pt; font-family: \'Times New Roman\',serif;\"> сервер рис.3.2.</span></p>\r\n<p class=\"MsoNormal\" style=\"margin-bottom: .0001pt; text-align: justify; line-height: normal;\">&nbsp;</p>\r\n<p class=\"MsoNormal\" style=\"margin-bottom: .0001pt; text-align: justify; line-height: normal;\"><img class=\"img-fluid\" src=\"http://vkr.std-807.ist.mospolytech.ru/storage/practicals/May2019/1.PNG\" alt=\"\" /></p>\r\n<p class=\"MsoNormal\" style=\"margin-bottom: .0001pt; text-align: justify; line-height: normal;\"><span style=\"font-size: 14.0pt; font-family: \'Times New Roman\',serif;\">Рис. 3.2.&nbsp; Настройка </span><span lang=\"EN-US\" style=\"font-size: 14.0pt; font-family: \'Times New Roman\',serif; mso-ansi-language: EN-US;\">IP</span> <span style=\"font-size: 14.0pt; font-family: \'Times New Roman\',serif;\">на ПК1.</span></p>\r\n<p class=\"MsoNormal\" style=\"margin-bottom: .0001pt; text-align: justify; line-height: normal;\">&nbsp;</p>\r\n<p class=\"MsoNormal\" style=\"margin-bottom: .0001pt; text-align: justify; line-height: normal;\"><span style=\"font-size: 14.0pt; font-family: \'Times New Roman\',serif;\">Задайте в конфигурации серверов следующие настройки </span><span lang=\"EN-US\" style=\"font-size: 14.0pt; font-family: \'Times New Roman\',serif; mso-ansi-language: EN-US;\">IP</span><span style=\"font-size: 14.0pt; font-family: \'Times New Roman\',serif;\">:</span></p>\r\n<p class=\"MsoNormal\" style=\"margin-bottom: .0001pt; text-align: justify; line-height: normal;\"><span style=\"font-size: 14.0pt; font-family: \'Times New Roman\',serif;\">DNS, Web-server: </span><span lang=\"EN-US\" style=\"font-size: 14.0pt; font-family: \'Times New Roman\',serif; mso-ansi-language: EN-US;\">IP</span> <span style=\"font-size: 14.0pt; font-family: \'Times New Roman\',serif;\">адрес &ndash; 10.0.0.1, маска подсети &ndash; 255.0.0.0, DNS&nbsp;<span style=\"font-size: 18.6667px;\">&ndash;</span>&nbsp;10.0.0.1</span></p>\r\n<p class=\"MsoNormal\" style=\"margin-bottom: .0001pt; text-align: justify; line-height: normal;\"><span style=\"font-size: 14.0pt; font-family: \'Times New Roman\',serif;\">DHCP сервер: </span><span lang=\"EN-US\" style=\"font-size: 14.0pt; font-family: \'Times New Roman\',serif; mso-ansi-language: EN-US;\">IP</span> <span style=\"font-size: 14.0pt; font-family: \'Times New Roman\',serif;\">адрес &ndash; 10.0.0.2, маска подсети &ndash; 255.0.0.0</span></p>\r\n<p class=\"MsoNormal\" style=\"margin-bottom: .0001pt; text-align: justify; line-height: normal;\">&nbsp;</p>\r\n<p class=\"MsoNormal\" style=\"margin-bottom: .0001pt; text-align: justify; line-height: normal;\"><span style=\"font-size: 14.0pt; font-family: \'Times New Roman\',serif;\">Этап 2. Настройте службу </span><span lang=\"EN-US\" style=\"font-size: 14.0pt; font-family: \'Times New Roman\',serif; mso-ansi-language: EN-US;\">DNS</span><span style=\"font-size: 14.0pt; font-family: \'Times New Roman\',serif;\"> на </span><span lang=\"EN-US\" style=\"font-size: 14.0pt; font-family: \'Times New Roman\',serif; mso-ansi-language: EN-US;\">Server</span><span style=\"font-size: 14.0pt; font-family: \'Times New Roman\',serif;\">1. </span></p>\r\n<p class=\"MsoNormal\" style=\"margin-bottom: .0001pt; text-align: justify; line-height: normal;\">&nbsp;</p>\r\n<p class=\"MsoNormal\" style=\"margin-bottom: .0001pt; text-align: justify; line-height: normal;\"><span style=\"font-size: 14.0pt; font-family: \'Times New Roman\',serif;\">Для этого в в конфигурации </span><span lang=\"EN-US\" style=\"font-size: 14.0pt; font-family: \'Times New Roman\',serif; mso-ansi-language: EN-US;\">Server</span><span style=\"font-size: 14.0pt; font-family: \'Times New Roman\',serif;\">1 войдите на вкладку </span><span lang=\"EN-US\" style=\"font-size: 14.0pt; font-family: \'Times New Roman\',serif; mso-ansi-language: EN-US;\">DNS</span><span style=\"font-size: 14.0pt; font-family: \'Times New Roman\',serif;\"> и задайте две ресурсные записи в прямой зоне </span><span lang=\"EN-US\" style=\"font-size: 14.0pt; font-family: \'Times New Roman\',serif; mso-ansi-language: EN-US;\">DNS</span><span style=\"font-size: 14.0pt; font-family: \'Times New Roman\',serif;\">:</span></p>\r\n<p class=\"MsoNormal\" style=\"margin-bottom: .0001pt; text-align: justify; line-height: normal;\">&nbsp;</p>\r\n<p class=\"MsoNormal\" style=\"margin-bottom: .0001pt; text-align: justify; line-height: normal;\"><span style=\"font-size: 14.0pt; font-family: \'Times New Roman\',serif;\">1 &ndash; в ресурсной записи типа А свяжите доменное имя компьютера с его </span><span lang=\"EN-US\" style=\"font-size: 14.0pt; font-family: \'Times New Roman\',serif; mso-ansi-language: EN-US;\">IP</span><span style=\"font-size: 14.0pt; font-family: \'Times New Roman\',serif;\"> адресом рис.3.3 и нажмите кнопку ДОБАВИТЬ:</span></p>\r\n<p class=\"MsoNormal\" style=\"margin-bottom: .0001pt; text-align: justify; line-height: normal;\"><span style=\"font-size: 14.0pt; font-family: \'Times New Roman\',serif;\"><img class=\"img-fluid\" src=\"http://vkr.std-807.ist.mospolytech.ru/storage/practicals/May2019/2.PNG\" alt=\"\" /></span></p>\r\n<p class=\"MsoNormal\" style=\"margin-bottom: .0001pt; text-align: justify; line-height: normal;\">&nbsp;</p>\r\n<p class=\"MsoNormal\" style=\"margin-bottom: .0001pt; text-align: justify; line-height: normal;\"><span style=\"font-size: 14.0pt; font-family: \'Times New Roman\',serif;\">Рис.3.3. Ввод ресурсной записи типа А.</span></p>\r\n<p class=\"MsoNormal\" style=\"margin-bottom: .0001pt; text-align: justify; line-height: normal;\"><span style=\"font-size: 14.0pt; font-family: \'Times New Roman\',serif;\">2 &ndash; в ресурсной записи типа </span><span lang=\"EN-US\" style=\"font-size: 14.0pt; font-family: \'Times New Roman\',serif; mso-ansi-language: EN-US;\">CNAME</span><span style=\"font-size: 14.0pt; font-family: \'Times New Roman\',serif;\"> свяжите псевдоним сайта с компьютером (рис.3.4):</span></p>\r\n<p class=\"MsoNormal\" style=\"margin-bottom: .0001pt; text-align: justify; line-height: normal;\"><img class=\"img-fluid\" src=\"http://vkr.std-807.ist.mospolytech.ru/storage/practicals/May2019/3.PNG\" alt=\"\" /></p>\r\n<p class=\"MsoNormal\" style=\"margin-bottom: .0001pt; text-align: justify; line-height: normal;\"><span style=\"font-size: 14.0pt; font-family: \'Times New Roman\',serif;\">Рис.3.4. Ввод ресурсной записи типа </span><span lang=\"EN-US\" style=\"font-size: 14.0pt; font-family: \'Times New Roman\',serif; mso-ansi-language: EN-US;\">CNAME</span><span style=\"font-size: 14.0pt; font-family: \'Times New Roman\',serif;\">.</span></p>\r\n<p class=\"MsoNormal\" style=\"margin-bottom: .0001pt; text-align: justify; line-height: normal;\">&nbsp;</p>\r\n<p class=\"MsoNormal\" style=\"margin-bottom: .0001pt; text-align: justify; line-height: normal;\">Включите <strong>DNS Service</strong>.</p>\r\n<p class=\"MsoNormal\" style=\"margin-bottom: .0001pt; text-align: justify; line-height: normal;\">&nbsp;</p>\r\n<p class=\"MsoNormal\" style=\"margin-bottom: .0001pt; text-align: justify; line-height: normal;\"><span style=\"font-size: 14.0pt; font-family: \'Times New Roman\',serif;\">В конфигурации </span><span lang=\"EN-US\" style=\"font-size: 14.0pt; font-family: \'Times New Roman\',serif; mso-ansi-language: EN-US;\">Server</span><span style=\"font-size: 14.0pt; font-family: \'Times New Roman\',serif;\">1 водите на вкладку </span><span lang=\"EN-US\" style=\"font-size: 14.0pt; font-family: \'Times New Roman\',serif; mso-ansi-language: EN-US;\">HTTP</span> <span style=\"font-size: 14.0pt; font-family: \'Times New Roman\',serif;\">и задайте стартовую страницу сайта www.rambler.ru</span><span style=\"font-size: 14.0pt; font-family: \'Times New Roman\',serif;\">(рис.3.5):</span></p>\r\n<p class=\"MsoNormal\" style=\"margin-bottom: .0001pt; text-align: justify; line-height: normal;\">&nbsp;</p>\r\n<p class=\"MsoNormal\" style=\"margin-bottom: .0001pt; text-align: justify; line-height: normal;\"><span style=\"font-size: 14.0pt; font-family: \'Times New Roman\',serif;\">Рис.3.5. Стартовая страница сайта.</span></p>\r\n<p class=\"MsoNormal\" style=\"margin-bottom: .0001pt; text-align: justify; line-height: normal;\">&nbsp;</p>\r\n<p class=\"MsoNormal\" style=\"margin-bottom: .0001pt; text-align: justify; line-height: normal;\"><span style=\"font-size: 14.0pt; font-family: \'Times New Roman\',serif;\">Включите командную строку на </span><span lang=\"EN-US\" style=\"font-size: 14.0pt; font-family: \'Times New Roman\',serif; mso-ansi-language: EN-US;\">Server</span><span style=\"font-size: 14.0pt; font-family: \'Times New Roman\',serif;\">1 и проверьте работу службы </span><span lang=\"EN-US\" style=\"font-size: 14.0pt; font-family: \'Times New Roman\',serif; mso-ansi-language: EN-US;\">DNS</span><span style=\"font-size: 14.0pt; font-family: \'Times New Roman\',serif;\">. Для проверки прямой зоны </span><span lang=\"EN-US\" style=\"font-size: 14.0pt; font-family: \'Times New Roman\',serif; mso-ansi-language: EN-US;\">DNS</span><span style=\"font-size: 14.0pt; font-family: \'Times New Roman\',serif;\"> сервера введите команду </span></p>\r\n<p class=\"MsoNormal\" style=\"margin-bottom: .0001pt; text-align: justify; line-height: normal;\">&nbsp;</p>\r\n<p class=\"MsoNormal\" style=\"margin-bottom: .0001pt; text-align: justify; line-height: normal;\"><span lang=\"EN-US\" style=\"font-size: 14.0pt; font-family: \'Times New Roman\',serif; mso-ansi-language: EN-US;\">SERVER</span><span style=\"font-size: 14.0pt; font-family: \'Times New Roman\',serif;\">&gt;</span><strong><span lang=\"EN-US\" style=\"font-size: 14.0pt; font-family: \'Times New Roman\',serif; mso-ansi-language: EN-US;\">nslookup</span></strong> <strong><span lang=\"EN-US\" style=\"font-size: 14.0pt; font-family: \'Times New Roman\',serif; mso-ansi-language: EN-US;\">www</span></strong><strong><span style=\"font-size: 14.0pt; font-family: \'Times New Roman\',serif;\">.</span></strong><strong><span lang=\"EN-US\" style=\"font-size: 14.0pt; font-family: \'Times New Roman\',serif; mso-ansi-language: EN-US;\">rambler</span></strong><strong><span style=\"font-size: 14.0pt; font-family: \'Times New Roman\',serif;\">.</span></strong><strong><span lang=\"EN-US\" style=\"font-size: 14.0pt; font-family: \'Times New Roman\',serif; mso-ansi-language: EN-US;\">ru</span></strong></p>\r\n<p class=\"MsoNormal\" style=\"margin-bottom: .0001pt; text-align: justify; line-height: normal;\"><span style=\"font-size: 14.0pt; font-family: \'Times New Roman\',serif;\">&nbsp;</span></p>\r\n<p class=\"MsoNormal\" style=\"margin-bottom: .0001pt; text-align: justify; line-height: normal;\"><span style=\"font-size: 14.0pt; font-family: \'Times New Roman\',serif;\">Если все правильно, то вы получите отклик, представленный на рис.3.6, с указанием полного доменного имени </span><span lang=\"EN-US\" style=\"font-size: 14.0pt; font-family: \'Times New Roman\',serif; mso-ansi-language: EN-US;\">DNS</span><span style=\"font-size: 14.0pt; font-family: \'Times New Roman\',serif;\"> сервера в сети и его </span><span lang=\"EN-US\" style=\"font-size: 14.0pt; font-family: \'Times New Roman\',serif; mso-ansi-language: EN-US;\">IP</span><span style=\"font-size: 14.0pt; font-family: \'Times New Roman\',serif;\"> адрес.</span></p>\r\n<p class=\"MsoNormal\" style=\"margin-bottom: .0001pt; text-align: justify; line-height: normal;\"><span style=\"font-size: 14.0pt; font-family: \'Times New Roman\',serif;\"><img class=\"img-fluid\" src=\"http://vkr.std-807.ist.mospolytech.ru/storage/practicals/May2019/6.PNG\" alt=\"\" /></span></p>\r\n<p class=\"MsoNormal\" style=\"margin-bottom: .0001pt; text-align: justify; line-height: normal;\"><span style=\"font-size: 14.0pt; font-family: \'Times New Roman\',serif;\">Рис. 3.6. Проверка прямой зоны </span><span lang=\"EN-US\" style=\"font-size: 14.0pt; font-family: \'Times New Roman\',serif; mso-ansi-language: EN-US;\">DNS</span><span style=\"font-size: 14.0pt; font-family: \'Times New Roman\',serif;\">.</span></p>\r\n<p class=\"MsoNormal\" style=\"margin-bottom: .0001pt; text-align: justify; line-height: normal;\">&nbsp;</p>\r\n<p class=\"MsoNormal\" style=\"margin-bottom: .0001pt; text-align: justify; line-height: normal;\"><span style=\"font-size: 14.0pt; font-family: \'Times New Roman\',serif;\">Этап 3. Настройте </span><span lang=\"EN-US\" style=\"font-size: 14.0pt; font-family: \'Times New Roman\',serif; mso-ansi-language: EN-US;\">DHCP</span> <span style=\"font-size: 14.0pt; font-family: \'Times New Roman\',serif;\">службу на </span><span lang=\"EN-US\" style=\"font-size: 14.0pt; font-family: \'Times New Roman\',serif; mso-ansi-language: EN-US;\">Server</span><span style=\"font-size: 14.0pt; font-family: \'Times New Roman\',serif;\">2.</span></p>\r\n<p class=\"MsoNormal\" style=\"margin-bottom: .0001pt; text-align: justify; line-height: normal;\">&nbsp;</p>\r\n<p class=\"MsoNormal\" style=\"margin-bottom: .0001pt; text-align: justify; line-height: normal;\"><span style=\"font-size: 14.0pt; font-family: \'Times New Roman\',serif;\">Для этого войдите в конфигурацию </span><span lang=\"EN-US\" style=\"font-size: 14.0pt; font-family: \'Times New Roman\',serif; mso-ansi-language: EN-US;\">Server</span><span style=\"font-size: 14.0pt; font-family: \'Times New Roman\',serif;\">2 и на вкладке </span><span lang=\"EN-US\" style=\"font-size: 14.0pt; font-family: \'Times New Roman\',serif; mso-ansi-language: EN-US;\">DHCP</span><span style=\"font-size: 14.0pt; font-family: \'Times New Roman\',serif;\"> настройте службу (рис.3.7):</span></p>\r\n<p class=\"MsoNormal\" style=\"margin-bottom: .0001pt; text-align: justify; line-height: normal;\"><img class=\"img-fluid\" src=\"http://vkr.std-807.ist.mospolytech.ru/storage/practicals/May2019/7.PNG\" alt=\"\" /></p>\r\n<p class=\"MsoNormal\" style=\"margin-bottom: .0001pt; text-align: justify; line-height: normal;\"><span style=\"font-size: 14.0pt; font-family: \'Times New Roman\',serif;\">Рис. 3.7. Настройка </span><span lang=\"EN-US\" style=\"font-size: 14.0pt; font-family: \'Times New Roman\',serif; mso-ansi-language: EN-US;\">DHCP</span> <span style=\"font-size: 14.0pt; font-family: \'Times New Roman\',serif;\">сервера.</span></p>\r\n<p class=\"MsoNormal\" style=\"margin-bottom: .0001pt; text-align: justify; line-height: normal;\">&nbsp;</p>\r\n<p class=\"MsoNormal\" style=\"margin-bottom: .0001pt; text-align: justify; line-height: normal;\"><span style=\"font-size: 14.0pt; font-family: \'Times New Roman\',serif;\">Этап 3. Проверка работы клиента.</span></p>\r\n<p class=\"MsoNormal\" style=\"margin-bottom: .0001pt; text-align: justify; line-height: normal;\">&nbsp;</p>\r\n<p class=\"MsoNormal\" style=\"margin-bottom: .0001pt; text-align: justify; line-height: normal;\"><span style=\"font-size: 14.0pt; font-family: \'Times New Roman\',serif;\">Войдите в конфигурации хоста ПК1 на рабочий стол и в командной строке сконфигурируйте протокол </span><span lang=\"EN-US\" style=\"font-size: 14.0pt; font-family: \'Times New Roman\',serif; mso-ansi-language: EN-US;\">TCP</span><span style=\"font-size: 14.0pt; font-family: \'Times New Roman\',serif;\">/</span><span lang=\"EN-US\" style=\"font-size: 14.0pt; font-family: \'Times New Roman\',serif; mso-ansi-language: EN-US;\">IP</span><span style=\"font-size: 14.0pt; font-family: \'Times New Roman\',serif;\">.</span></p>\r\n<p class=\"MsoNormal\" style=\"margin-bottom: .0001pt; text-align: justify; line-height: normal;\"><span style=\"font-size: 14.0pt; font-family: \'Times New Roman\',serif;\">Командой </span></p>\r\n<p class=\"MsoNormal\" style=\"margin-bottom: .0001pt; text-align: justify; line-height: normal;\">&nbsp;</p>\r\n<p class=\"MsoNormal\" style=\"margin-bottom: .0001pt; text-align: justify; line-height: normal;\"><span lang=\"EN-US\" style=\"font-size: 14.0pt; font-family: \'Times New Roman\',serif; mso-ansi-language: EN-US;\">PC</span><span style=\"font-size: 14.0pt; font-family: \'Times New Roman\',serif;\">&gt;</span><strong><span lang=\"EN-US\" style=\"font-size: 14.0pt; font-family: \'Times New Roman\',serif; mso-ansi-language: EN-US;\">ipconfig</span></strong><strong><span style=\"font-size: 14.0pt; font-family: \'Times New Roman\',serif;\"> /</span></strong><strong><span lang=\"EN-US\" style=\"font-size: 14.0pt; font-family: \'Times New Roman\',serif; mso-ansi-language: EN-US;\">release</span></strong></p>\r\n<p class=\"MsoNormal\" style=\"margin-bottom: .0001pt; text-align: justify; line-height: normal;\"><img class=\"img-fluid\" src=\"http://vkr.std-807.ist.mospolytech.ru/storage/practicals/May2019/8.PNG\" alt=\"\" /></p>\r\n<p class=\"MsoNormal\" style=\"margin-bottom: .0001pt; text-align: justify; line-height: normal;\"><span style=\"font-size: 14.0pt; font-family: \'Times New Roman\',serif;\">сбросьте старые параметры </span><span lang=\"EN-US\" style=\"font-size: 14.0pt; font-family: \'Times New Roman\',serif; mso-ansi-language: EN-US;\">IP</span><span style=\"font-size: 14.0pt; font-family: \'Times New Roman\',serif;\"> адреса, а командой:</span></p>\r\n<p class=\"MsoNormal\" style=\"margin-bottom: .0001pt; text-align: justify; line-height: normal;\">&nbsp;</p>\r\n<p class=\"MsoNormal\" style=\"margin-bottom: .0001pt; text-align: justify; line-height: normal;\"><span lang=\"EN-US\" style=\"font-size: 14.0pt; font-family: \'Times New Roman\',serif; mso-ansi-language: EN-US;\">PC</span><span style=\"font-size: 14.0pt; font-family: \'Times New Roman\',serif;\">&gt;</span><strong><span lang=\"EN-US\" style=\"font-size: 14.0pt; font-family: \'Times New Roman\',serif; mso-ansi-language: EN-US;\">ipconfig</span></strong><strong><span style=\"font-size: 14.0pt; font-family: \'Times New Roman\',serif;\"> /</span></strong><strong><span lang=\"EN-US\" style=\"font-size: 14.0pt; font-family: \'Times New Roman\',serif; mso-ansi-language: EN-US;\">renew</span></strong></p>\r\n<p class=\"MsoNormal\" style=\"margin-bottom: .0001pt; text-align: justify; line-height: normal;\"><img class=\"img-fluid\" src=\"http://vkr.std-807.ist.mospolytech.ru/storage/practicals/May2019/9.PNG\" alt=\"\" /></p>\r\n<p class=\"MsoNormal\" style=\"margin-bottom: .0001pt; text-align: justify; line-height: normal;\"><span style=\"font-size: 14.0pt; font-family: \'Times New Roman\',serif;\">получите новые параметры с </span><span lang=\"EN-US\" style=\"font-size: 14.0pt; font-family: \'Times New Roman\',serif; mso-ansi-language: EN-US;\">DHCP</span><span style=\"font-size: 14.0pt; font-family: \'Times New Roman\',serif;\"> сервера (рис.3.8):</span></p>\r\n<p class=\"MsoNormal\" style=\"margin-bottom: .0001pt; text-align: justify; line-height: normal;\">&nbsp;</p>\r\n<p class=\"MsoNormal\" style=\"margin-bottom: .0001pt; text-align: justify; line-height: normal;\"><span style=\"font-size: 14.0pt; font-family: \'Times New Roman\',serif;\">Рис.3.8. Конфигурация протокол </span><span lang=\"EN-US\" style=\"font-size: 14.0pt; font-family: \'Times New Roman\',serif; mso-ansi-language: EN-US;\">TCP</span><span style=\"font-size: 14.0pt; font-family: \'Times New Roman\',serif;\">/</span><span lang=\"EN-US\" style=\"font-size: 14.0pt; font-family: \'Times New Roman\',serif; mso-ansi-language: EN-US;\">IP</span><span style=\"font-size: 14.0pt; font-family: \'Times New Roman\',serif;\"> клиента.</span></p>\r\n<p class=\"MsoNormal\" style=\"margin-bottom: .0001pt; text-align: justify; line-height: normal;\">&nbsp;</p>\r\n<p class=\"MsoNormal\" style=\"margin-bottom: .0001pt; text-align: justify; line-height: normal;\"><span style=\"font-size: 14.0pt; font-family: \'Times New Roman\',serif;\">Откройте сайт www.rambler.ru </span><span style=\"font-size: 14.0pt; font-family: \'Times New Roman\',serif;\">в браузере на клиенте (рис.3.9):</span></p>\r\n<p class=\"MsoNormal\" style=\"margin-bottom: .0001pt; text-align: justify; line-height: normal;\"><span style=\"font-size: 14.0pt; font-family: \'Times New Roman\',serif;\"><img class=\"img-fluid\" src=\"http://vkr.std-807.ist.mospolytech.ru/storage/practicals/May2019/10.PNG\" alt=\"\" /></span></p>\r\n<p><span style=\"font-size: 14.0pt; line-height: 115%; font-family: \'Times New Roman\',serif; mso-fareast-font-family: \'Times New Roman\'; mso-ansi-language: RU; mso-fareast-language: RU; mso-bidi-language: AR-SA;\">Рис.3.9. Проверка работы клиента.</span></p>', '[{\"download_link\":\"practicals\\/May2019\\/LNDPrFKBdMG4qQQZDX3K.pka\",\"original_name\":\"\\u041b\\u0430\\u0431\\u043e\\u0440\\u0430\\u0442\\u043e\\u0440\\u043d\\u0430\\u044f \\u0440\\u0430\\u0431\\u043e\\u0442\\u0430 \\u21164. \\u041d\\u0430\\u0441\\u0442\\u0440\\u043e\\u0439\\u043a\\u0430 \\u0441\\u0435\\u0442\\u0435\\u0432\\u044b\\u0445 \\u0441\\u0435\\u0440\\u0432\\u0438\\u0441\\u043e\\u0432..pka\"}]', 'practicals\\May2019\\do19K2VFF4xgAjrL87cX.png', 1, '2019-05-12 16:14:00', '2019-05-24 20:45:12'),
(15, 'Лабораторная работа №6. Настройка виртуальных локальных сетей на одном коммутаторе.', 'В данной лабораторной работе вы будете настраивать виртуальную локальную сеть (VLAN) на одном коммутаторе.', '<center>\r\n<div class=\"table-responsive\">\r\n<table style=\"height: 147px;\" border=\"1\" width=\"745\" cellspacing=\"0\" cellpadding=\"0\">\r\n<tbody>\r\n<tr style=\"text-align: center;\">\r\n<td style=\"width: 177px; height: 36px;\" valign=\"top\">\r\n<p align=\"center\">Наименование</p>\r\n</td>\r\n<td style=\"width: 142px; height: 36px;\" valign=\"top\">\r\n<p align=\"center\">Имя узла/интерфейса</p>\r\n</td>\r\n<td style=\"width: 292px; height: 36px;\" valign=\"top\">\r\n<p align=\"center\">Адрес сетевой платы интерфейса</p>\r\n</td>\r\n<td style=\"width: 124px; height: 36px;\" valign=\"top\">\r\n<p align=\"center\">Адрес VLAN1</p>\r\n</td>\r\n</tr>\r\n<tr style=\"text-align: center;\">\r\n<td style=\"width: 177px; height: 37px;\" valign=\"top\">\r\n<p style=\"text-align: center;\">Коммутатор</p>\r\n</td>\r\n<td style=\"width: 142px; height: 37px;\" valign=\"top\">\r\n<p>S1</p>\r\n</td>\r\n<td style=\"width: 292px; height: 37px;\" valign=\"top\">\r\n<p>Нет</p>\r\n</td>\r\n<td style=\"width: 124px; height: 37px;\" valign=\"top\">\r\n<p>172.16.1.2/24</p>\r\n</td>\r\n</tr>\r\n<tr style=\"text-align: center;\">\r\n<td style=\"width: 177px; height: 37px;\" valign=\"top\">\r\n<p style=\"text-align: center;\">Узел Компьютер №1</p>\r\n</td>\r\n<td style=\"width: 142px; height: 37px;\" valign=\"top\">\r\n<p>Нет</p>\r\n</td>\r\n<td style=\"width: 292px; height: 37px;\" valign=\"top\">\r\n<p>172.16.1.10/16</p>\r\n</td>\r\n<td style=\"width: 124px; height: 37px;\" valign=\"top\">\r\n<p>Нет</p>\r\n</td>\r\n</tr>\r\n<tr style=\"height: 37px;\">\r\n<td style=\"width: 177px; height: 37px;\" valign=\"top\">\r\n<p style=\"text-align: center;\">Узел Компьютер №2</p>\r\n</td>\r\n<td style=\"width: 142px; height: 37px;\" valign=\"top\">\r\n<p style=\"text-align: center;\">Нет</p>\r\n</td>\r\n<td style=\"width: 292px; height: 37px;\" valign=\"top\">\r\n<p style=\"text-align: center;\">172.16.1.11/16</p>\r\n</td>\r\n<td style=\"width: 124px; height: 37px;\" valign=\"top\">\r\n<p style=\"text-align: center;\">Нет</p>\r\n</td>\r\n</tr>\r\n</tbody>\r\n</table>\r\n</div>\r\n</center>\r\n<p>&nbsp;</p>\r\n<p><strong>В настройках конфигурации коммутатора задается его имя, пароль консоли, пароль сеанса Telnet и пароли привилегированного режима</strong>:</p>\r\n<p><em>Switch&gt;enable</em></p>\r\n<p><em>Switch#conf t</em></p>\r\n<p><em>Switch(config)#hostname S1</em></p>\r\n<p><em>S1(config)#enable password cisco</em></p>\r\n<p><em>S1(config)#enable secret cisco123</em></p>\r\n<p><em>S1(config)#line console 0</em></p>\r\n<p><em>S1(config-line)#</em></p>\r\n<p><em>S1(config-line)#password cisco_con</em></p>\r\n<p><em>S1(config-line)#login</em></p>\r\n<p><em>S1(config-line)#exit</em></p>\r\n<p><em>S1(config)#line vty 0 15</em></p>\r\n<p><em>S1(config-line)#password cisco</em></p>\r\n<p><em>S1(config-line)#login</em></p>\r\n<p><em>S1(config-line)#exit</em></p>\r\n<p><em>S1(config)#</em></p>\r\n<p><strong>Коммутатору назначается IP-адрес и шлюз по умолчанию</strong>:</p>\r\n<p><em>S1(config)#interface vlan1</em></p>\r\n<p><em>S1(config-if)#ip address 172.16.1.2 255.255.255.0</em></p>\r\n<p><em>S1(config-if)#no shutdown</em></p>\r\n<p><em>S1(config-if)#exit</em></p>\r\n<p><em>S1(config)#ip default-gateway 172.16.1.1</em></p>\r\n<p><em>S1(config)#end</em></p>\r\n<p><em>S1#</em></p>\r\n<p><strong>Проверка настройки VLAN по умолчанию</strong>:</p>\r\n<p><em>S1#show vlan</em></p>\r\n<p>Листинг команды представлен на рис. 2.</p>\r\n<p align=\"center\"><img class=\"img-fluid\" src=\"http://vkr.std-807.ist.mospolytech.ru/storage/practicals/May2019/11.PNG\" alt=\"\" /></p>\r\n<p align=\"center\">Рис. 2</p>\r\n<p>Изначально все порты коммутатора присвоены сети VLAN 1. Ее использование на практике нецелесообразно.</p>\r\n<p><strong>Создадим две дополнительные сети VLAN на коммутаторе и присвоим им имена</strong>:</p>\r\n<p><em>S1#conf t</em></p>\r\n<p><em>Enter configuration commands, one per line. End with CNTL/Z.</em></p>\r\n<p><em>S1(config)#vlan 20</em></p>\r\n<p><em>S1(config-vlan)#name KIB</em></p>\r\n<p><em>S1(config-vlan)#exit</em></p>\r\n<p><em>S1(config)#vlan 30</em></p>\r\n<p><em>S1(config-vlan)#name BTS</em></p>\r\n<p><em>S1(config-vlan)#exit</em></p>\r\n<p><em>S1(config)#</em></p>\r\n<p><strong>Проверим создание новых VLAN с помощью команды show vlan</strong>:</p>\r\n<p><em>S1#show vlan</em></p>\r\n<p align=\"center\"><img class=\"img-fluid\" src=\"http://vkr.std-807.ist.mospolytech.ru/storage/practicals/May2019/21.PNG\" alt=\"\" /></p>\r\n<p>В списке появились две новые VLAN.</p>\r\n<p><strong>Назначим сетям VLAN соответствующие интерфейсы. Назначим порт Fa0/2 коммутатора 1 сети VLAN 20, а порты Fa0/3 &ndash; Fa0/8 &ndash; сети VLAN 30</strong>:</p>\r\n<p><em>S1#conf t</em></p>\r\n<p><em>S1(config)#int Fa0/2</em></p>\r\n<p><em>S1(config-if)#switchport access vlan 20</em></p>\r\n<p><em>S1(config-if)#exit</em></p>\r\n<p><em>S1(config)#interface range Fa0/3-8</em></p>\r\n<p><em>S1(config-if-range)#switchport access vlan 30</em></p>\r\n<p><em>S1(config-if-range)#end</em></p>\r\n<p><strong>Просмотрим назначение интерфейсов командой <em>show vlan</em></strong>:</p>\r\n<p style=\"text-align: center;\"><img class=\"img-fluid\" src=\"http://vkr.std-807.ist.mospolytech.ru/storage/practicals/May2019/31.PNG\" alt=\"\" /></p>\r\n<p>Порты, подключенные к коммутатору и узлу Компьютер №2, были помещены в одну VLAN, а узел Компьютер №1 - в другую. Несмотря на то, что узлы подключены к одному коммутатору, кажется, что в сети имеется два отдельных коммутатора. Это можно доказать проверкой соединения.</p>\r\n<p>&nbsp;</p>\r\n<p>Отправим эхо-запрос с узла <strong>Компьютер №2</strong> на узел <strong>Компьютер №1</strong>.</p>\r\n<p><img class=\"img-fluid\" style=\"display: block; margin-left: auto; margin-right: auto;\" src=\"http://vkr.std-807.ist.mospolytech.ru/storage/practicals/May2019/41.PNG\" alt=\"\" /></p>', '[{\"download_link\":\"practicals\\/May2019\\/nMcnyHUcqx82nPQziRZo.pka\",\"original_name\":\"\\u041b\\u0430\\u0431\\u043e\\u0440\\u0430\\u0442\\u043e\\u0440\\u043d\\u0430\\u044f \\u0440\\u0430\\u0431\\u043e\\u0442\\u0430 \\u21166. \\u041d\\u0430\\u0441\\u0442\\u0440\\u043e\\u0439\\u043a\\u0430 \\u0432\\u0438\\u0440\\u0442\\u0443\\u0430\\u043b\\u044c\\u043d\\u044b\\u0445 \\u043b\\u043e\\u043a\\u0430\\u043b\\u044c\\u043d\\u044b\\u0445 \\u0441\\u0435\\u0442\\u0435\\u0439 \\u043d\\u0430 \\u043e\\u0434\\u043d\\u043e\\u043c \\u043a\\u043e\\u043c\\u043c\\u0443\\u0442\\u0430\\u0442\\u043e\\u0440\\u0435..pka\"}]', 'practicals\\May2019\\TBoXVgEffyoEVGn7RWfM.png', 1, '2019-05-13 09:35:00', '2019-05-24 20:46:47'),
(16, 'Лабораторная работа №7. Ошибка доступа к удаленному компьютеру.', 'В данной лабораторной работе вам нужно найти и исправить ошибку доступа к удаленному ПК7', '<p>Кто-то из сотрудников компании, просматривал настройки компьютера, потому что на нём пропал интернет и усугубил ситуацию. Помогите это исправить.</p>\r\n<p>В данной лабораторной работе вам нужно найти и исправить ошибку доступа к удаленному ПК7.</p>', '[{\"download_link\":\"practicals\\/May2019\\/Cmgc6Zr5sXFb70Xyogsk.pkt\",\"original_name\":\"\\u041b\\u0430\\u0431\\u043e\\u0440\\u0430\\u0442\\u043e\\u0440\\u043d\\u0430\\u044f \\u0440\\u0430\\u0431\\u043e\\u0442\\u0430 \\u21167. \\u0418\\u0441\\u043f\\u0440\\u0430\\u0432\\u043b\\u0435\\u043d\\u0438\\u0435 \\u043e\\u0448\\u0438\\u0431\\u043a\\u0438 \\u0434\\u043e\\u0441\\u0442\\u0443\\u043f\\u0430 \\u043a \\u041f\\u041a7 VLAN.pkt\"}]', 'practicals/May2019/yeO3Wc0YgBF7w9kwKy7o.png', 1, '2019-05-26 05:57:00', '2019-05-26 10:38:09'),
(17, 'Лабораторная работа №8. Настройка динамической маршрутизации протокола RIP.', 'В данной лабораторной работе вы настроите динамическую маршрутизацию протокола RIP.', '<p>Для входа используйте имя пользователя <strong>admin</strong>, для привилигированного режима пароль <strong>123</strong>, для режима глобального конфигурирования пароль <strong>123456</strong>.</p>\r\n<h3>В данной лабораторной работе вы познакомитесь с протоколом динамической маршрутизации RIP.</h3>\r\n<p>Протокол маршрутной информации (англ. Routing Information Protocol) &mdash; один из самых простых протоколов маршрутизации. Применяется в небольших компьютерных сетях, позволяет маршрутизаторам динамически обновлять маршрутную информацию (направление и дальность в хопах), получая ее от соседних маршрутизаторов.</p>\r\n<p>Более подробнее вы можете прочитать об этом в <a href=\"https://ru.wikipedia.org/wiki/RIP_(%D1%81%D0%B5%D1%82%D0%B5%D0%B2%D0%BE%D0%B9_%D0%BF%D1%80%D0%BE%D1%82%D0%BE%D0%BA%D0%BE%D0%BB)\">википедии</a></p>\r\n<p><strong>Шаг 1</strong>:</p>\r\n<p>Выберите маршрутизатор R1 и войдите в привилигированный режим.</p>\r\n<p>Выполните команду show ip route, для просмотра состояния таблицы маршрутизации.</p>\r\n<p>&nbsp;</p>\r\n<p><strong>Шаг 2</strong>:</p>\r\n<p>Запустите протокол RIP. Для этого войдите в режим глобальной конфигурации и выполните команду router rip.</p>\r\n<p>Установите вторую версию протокола, для более быстрой работы введите команду version 2.</p>\r\n<p>Далее нужно указать какие сети транслироваться для динамического построения маршрута. Для этого выполняем смотрим какие сети вывела команда <strong>show ip route</strong> и добавляем их к протоколу RIP командами:</p>\r\n<p><strong>network 10.1.0.0</strong></p>\r\n<p><strong>network 10.3.0.0</strong></p>\r\n<p><strong>network 192.168.10.0</strong></p>\r\n<p>Также отключаем автосуммирование масок для исключения ошибок командой</p>\r\n<p><strong>no auto-summary</strong></p>\r\n<p>Для подтверждения настроек выполняем команду</p>\r\n<p><strong>do wr</strong></p>\r\n<p>&nbsp;</p>\r\n<p><strong>Шаг 3</strong>:</p>\r\n<p>Выполните шаг 2 для маршрутизаторов R2, R3. Добавляя все сети доступные в таблице маршрутизации.</p>\r\n<p>&nbsp;</p>\r\n<p><strong>Шаг 4</strong>:</p>\r\n<p>Для проверки маршрута выволните команду <strong>tracert 192.168.20.10</strong> с узла PC1 на узел PC2 в результате чего вы увидите следующий путь маршрута.</p>\r\n<p><img style=\"display: block; margin-left: auto; margin-right: auto;\" src=\"http://vkr.std-807.ist.mospolytech.ru/storage/practicals/May2019/12.PNG\" alt=\"\" /></p>\r\n<p>&nbsp;</p>\r\n<p><strong>Шаг 5</strong>:</p>\r\n<p>Удалите медный кроссовер кабель между маршрутизаторами R1 и R2, как бы обозначая, что произошел разрыв соединения на линии.</p>\r\n<p>Снова выполните команду&nbsp;<strong>tracert 192.168.20.10</strong> с узла PC1 на узел PC2 в результате пакет пройдет по другому маршруту.</p>\r\n<p><img style=\"display: block; margin-left: auto; margin-right: auto;\" src=\"http://vkr.std-807.ist.mospolytech.ru/storage/practicals/May2019/22.PNG\" alt=\"\" /></p>', '[{\"download_link\":\"practicals\\/May2019\\/1oSGjIBMTElGKQByCH6u.pka\",\"original_name\":\"\\u041b\\u0430\\u0431\\u043e\\u0440\\u0430\\u0442\\u043e\\u0440\\u043d\\u0430\\u044f \\u0440\\u0430\\u0431\\u043e\\u0442\\u0430 \\u21168. \\u041d\\u0430\\u0441\\u0442\\u0440\\u043e\\u0439\\u043a\\u0430 \\u0434\\u0438\\u043d\\u0430\\u043c\\u0438\\u0447\\u0435\\u0441\\u043a\\u043e\\u0439 \\u043c\\u0430\\u0440\\u0448\\u0440\\u0443\\u0442\\u0438\\u0437\\u0430\\u0446\\u0438\\u0438 \\u043f\\u0440\\u043e\\u0442\\u043e\\u043a\\u043e\\u043b\\u0430 RIP..pka\"}]', 'practicals/May2019/UfKKMZZeINo9RRopRD6e.PNG', 1, '2019-05-26 07:11:00', '2019-05-26 07:13:33'),
(18, 'Лабораторная работа №9. Настройка протокола OSPF.', 'В данной лабораторной работе вы настроите протокол динамической маршрутизации OSPF.', '<h3>В данной лабораторной работе вы познакомитесь с протоколом динамической маршрутизации OSPF</h3>\r\n<p><strong>Шаг 1</strong>:<br />Выберите маршрутизатор R1 и войдите в привилигированный режим.<br />Выполните команду show ip route, для просмотра состояния таблицы маршрутизации.<br /><br /><strong>Шаг 2</strong>:<br />Запустите протокол OSPF. Для этого войдите в режим глобальной конфигурации и выполните команду<br /><br /><strong>router ospf 1</strong>. <br />Далее нужно указать какие сети транслироваться для динамического построения маршрута. Для этого выполняем смотрим какие сети вывела команда <strong>show ip route</strong> и добавляем их к протоколу OSPF командами:<br /><br /><strong>network 10.1.0.0 0.0.0.3 area 0</strong><br /><strong>network 10.3.0.0 0.0.0.3 area 0</strong><br /><strong>network 192.168.10.0 0.0.0.255 area 0</strong><br /><br />В данных команда используется ip адрес сети, обратная маска сети и зона.<br /><br />Для подтверждения настроек выполняем команду<br /><br /><strong>do wr</strong><br /><br /><strong>Шаг 3:</strong><br />Выполните шаг 2 для маршрутизаторов R2, R3. Добавляя все сети доступные в таблице маршрутизации. <br /><br /><strong>Сети R2</strong>:<br />network 10.2.0.0 0.0.0.3 area 0<br />network 10.3.0.0 0.0.0.3 area 0<br />network 192.168.20.0 0.0.0.255 area 0<br />network 192.168.50.0 0.0.0.255 area 0<br />do wr<br /><br /><strong>Сети R3</strong>:<br />network 10.1.0.0 0.0.0.3 area 0<br />network 10.2.0.0 0.0.0.3 area 0<br />network 192.168.30.0 0.0.0.255 area 0<br />network 192.168.40.0 0.0.0.255 area 0<br />do wr</p>\r\n<p><strong>Шаг 4</strong>:</p>\r\n<p>Выполните команда <strong>tracert 192.168.50.10</strong> с узла PC4 на узел PC5</p>\r\n<p><img src=\"http://vkr.std-807.ist.mospolytech.ru/storage/practicals/May2019/32.PNG\" alt=\"\" /></p>\r\n<p>Удалите кабель соединяющий маршрутизаторы R2 и R3.</p>\r\n<p>Выполните команду снова для просмотра построения иного маршрута.</p>\r\n<p><img src=\"http://vkr.std-807.ist.mospolytech.ru/storage/practicals/May2019/42.PNG\" alt=\"\" /></p>', '[{\"download_link\":\"practicals\\/May2019\\/I7AaXspX5SImdNfCUiPz.pka\",\"original_name\":\"\\u041b\\u0430\\u0431\\u043e\\u0440\\u0430\\u0442\\u043e\\u0440\\u043d\\u0430\\u044f \\u0440\\u0430\\u0431\\u043e\\u0442\\u0430 \\u21169. \\u041d\\u0430\\u0441\\u0442\\u0440\\u043e\\u0439\\u043a\\u0430 \\u043f\\u0440\\u043e\\u0442\\u043e\\u043a\\u043e\\u043b\\u0430 OSPF..pka\"}]', 'practicals/May2019/KaLgp24ynPoSEsgtMs5P.PNG', 1, '2019-05-26 08:58:20', '2019-05-26 08:58:20'),
(19, 'Лабораторная работа №10. Исправление домашней сети.', 'В данной лабораторной работе вы будете исправлять домашнюю сеть, в которой ребенок полез в настройки, чтобы починить интернет, но все перепутал и окончательно сломал.', '<p>В данной лабораторной работе вы будете исправлять домашнюю сеть, в которой ребенок полез в настройки, чтобы починить интернет, но все перепутал и окончательно сломал.</p>\r\n<p>&nbsp;</p>\r\n<p>Ребёнок остался дома один. Перед уходом мама разрешила ему посидеть за своим ноутбуком. Витя играл в игры, но вдруг на ноутбуке пропал интернет. Он полез в настройки домашнего роутера, чтобы разобраться почему нет интернета и что-то изменил. В это время технические работы, проводимые провайдером закончились, а интернет у Пети все ещё не работает. Исправьте ситуацию и помогите семье получить доступ в интернет.</p>', '[{\"download_link\":\"practicals\\/May2019\\/ISVRBIjxfp5hXW2nvAIt.pkt\",\"original_name\":\"\\u041b\\u0430\\u0431\\u043e\\u0440\\u0430\\u0442\\u043e\\u0440\\u043d\\u0430\\u044f \\u0440\\u0430\\u0431\\u043e\\u0442\\u0430 \\u211610. \\u0418\\u0441\\u043f\\u0440\\u0430\\u0432\\u043b\\u0435\\u043d\\u0438\\u0435 \\u0434\\u043e\\u043c\\u0430\\u0448\\u043d\\u0435\\u0439 \\u0441\\u0435\\u0442\\u0438.pkt\"}]', 'practicals/May2019/goei8ijiiT4yeRd4OUwa.PNG', 1, '2019-05-26 10:26:14', '2019-05-26 10:26:14'),
(20, 'Лабораторная работа №11. Отсутствие доступа к локальному серверу веб-серверу.', 'В данной лабораторной работе отсутствует доступ к локальному веб-серверу из внешней сети.', '<h3>В данной лабораторной работе отсутствует доступ к сайту, находящемся на Server0, из внешней сети (Server1).</h3>\r\n<p><strong>Задание</strong>:</p>\r\n<p>Исправить ошибку, чтобы при вводе белого ip адреса предоставляемый внешней сетью, в веб-браузер находящимся на <strong>Server1</strong>, открывался сайт, расположенный на локальном сервере <strong>Server0</strong>.</p>', '[{\"download_link\":\"practicals\\/May2019\\/rsg4pFZivkoJJvT20Umn.pkt\",\"original_name\":\"\\u041b\\u0430\\u0431\\u043e\\u0440\\u0430\\u0442\\u043e\\u0440\\u043d\\u0430\\u044f \\u0440\\u0430\\u0431\\u043e\\u0442\\u0430 \\u211611. \\u041e\\u0442\\u0441\\u0443\\u0442\\u0441\\u0442\\u0432\\u0438\\u0435 \\u0434\\u043e\\u0441\\u0442\\u0443\\u043f\\u0430 \\u043a \\u043b\\u043e\\u043a\\u0430\\u043b\\u044c\\u043d\\u043e\\u043c\\u0443 \\u0441\\u0435\\u0440\\u0432\\u0435\\u0440\\u0443..pkt\"}]', 'practicals/May2019/EomCtUUMSdE0rveDJ19c.PNG', 1, '2019-05-26 12:54:15', '2019-05-26 12:54:15'),
(21, 'Лабораторная работа №12. Протоколы SMTP и POP3.', 'В данной лабораторной работе вы создадите почтовую рассылку между узлами сети по протоколам SMTP и POP3.', '<p><strong>Шаг 1</strong>: Настройка сетевых устройств</p>\r\n<p>Производим настройку сетевых устройств согласно заданным параметрам:</p>\r\n<p>&nbsp;</p>\r\n<p><strong>Конечные узлы&nbsp;</strong><strong>| </strong><strong>IP-адрес&nbsp;</strong><strong>| </strong><strong>Маска сети&nbsp;</strong><strong>| </strong><strong>IP-адрес&nbsp;</strong><strong>DNS-сервера</strong></p>\r\n<p>PC0 172.16.0.90 255.255.0.0 172.16.0.20</p>\r\n<p>PC1 172.16.0.100 255.255.0.0 172.16.0.20</p>\r\n<p><strong>Серверы&nbsp;</strong><strong>| </strong><strong>IP-адрес&nbsp;</strong><strong>| </strong><strong>Маска сети&nbsp;</strong><strong>| </strong><strong>IP-адрес DNS-сервера</strong></p>\r\n<p>Server0 172.16.0.20 255.255.0.0 172.16.0.20</p>\r\n<p>Server1 172.16.0.40 255.255.0.0 172.16.0.20</p>\r\n<p>&nbsp;</p>\r\n<p>Все устройства расположены в одном сегменте локальной сети, поэтому маршрутизация пакетов не используется, значит, IP-адрес шлюза по умолчанию указывать необязательно.</p>\r\n<p>&nbsp;</p>\r\n<p><strong>Шаг 2</strong>: Настройка почтового сервера</p>\r\n<p>В качестве серверов электронной почты выступают сервер 172.16.0.20 и сервер 172.16.0.40.</p>\r\n<p>Подключим службу DNS на сервере 172.16.0.20:</p>\r\n<p>1) Один клик по выбранному устройству.</p>\r\n<p>2) Выбираем вкладку Services -&gt; DNS.</p>\r\n<p>Заносим данные о новой ресурсной записи: имя домена, IP-адрес, тип ресурсной записи.</p>\r\n<p><img src=\"http://vkr.std-807.ist.mospolytech.ru/storage/practicals/May2019/111.PNG\" alt=\"\" /></p>\r\n<p>3) Включаем DNS Service</p>\r\n<p>4) Нажимаем на кнопку &ldquo;Add&rdquo; будет добавлена новая запись в службу DNS. Повторим предыдущие действия и добавим еще одну ресурсную запись о почтовом сервере 172.16.0.40.</p>\r\n<p><img src=\"http://vkr.std-807.ist.mospolytech.ru/storage/practicals/May2019/121.PNG\" alt=\"\" /></p>\r\n<p>Повторим предыдущие действия и добавим ещё одну ресурсную запись о почтовом сервере 172.16.0.40.</p>\r\n<p><img src=\"http://vkr.std-807.ist.mospolytech.ru/storage/practicals/May2019/131.PNG\" alt=\"\" /></p>\r\n<p>Теперь сконфигурируем почтовый сервер 172.16.0.20 с поддержкой smtp- и pop3-сервера:</p>\r\n<p>1) Один клик по выбранному устройству.</p>\r\n<p>2) Выбираем вкладку Services -&gt; EMAIL</p>\r\n<p>3) Подключаем протоколы SMTP и POP3 и вводим имя домена электронной почты. Нажимаем кнопку &ldquo;Set&rdquo;.</p>\r\n<p><img src=\"http://vkr.std-807.ist.mospolytech.ru/storage/practicals/May2019/142.PNG\" alt=\"\" /></p>\r\n<p>4) Создадим учетную запись для одного пользователя, вводим логин и пароль. Занести запись в службу можно с помощью кнопки &ldquo;+&rdquo;.</p>\r\n<p><img src=\"http://vkr.std-807.ist.mospolytech.ru/storage/practicals/May2019/15.PNG\" alt=\"\" /></p>\r\n<p>Smtp-сервер и pop3-сервер на машине 172.16.0.20 сконфигурированы, имеют одного зарегистрированного пользователя. Так же на нем поддерживается служба DNS, в которой есть две ресурсных записи.</p>\r\n<p>На сервере 172.16.0.40 так же необходимо настроить почтовый сервер с поддержкой SMTP и POP3.</p>\r\n<p>В качестве DNS для него выступает сервер 172.16.0.20.</p>\r\n<p>1) Один клик по выбранному устройству.</p>\r\n<p>2) Выбираем вкладку Services -&gt; EMAIL</p>\r\n<p>3) Подключаем протоколы SMTP и POP3 и вводим имя домена электронной почты - mail.ru. Нажимаем кнопку &ldquo;Set&rdquo;.</p>\r\n<p><img src=\"http://vkr.std-807.ist.mospolytech.ru/storage/practicals/May2019/16.PNG\" alt=\"\" /></p>\r\n<p>4) Создадим учетную запись для одного пользователя, вводим логин и пароль. Занести запись в службу можно с помощью кнопки &ldquo;+&rdquo;.</p>\r\n<p>&nbsp;</p>\r\n<p><strong>Шаг 3</strong>: Настройка почтовой службы на конечных узлах</p>\r\n<p>Для работы с почтовым smtp- или pop3-сервером на компьютере пользователя должен быть настроен клиент электронной почты, который и будет взаимодействовать с сервером.</p>\r\n<p>Настроим на хосте 172.16.0.90 клиент электронной почты:</p>\r\n<p>1) Один клик на хосте с IP-адресом 172.16.0.90.</p>\r\n<p>2) Выбираем вкладку Desktop, программу &ldquo;E-mail&rdquo;. Появится окно конфигурации почтового сервиса. Вводим пользовательские данные в форму.</p>\r\n<p><img src=\"http://vkr.std-807.ist.mospolytech.ru/storage/practicals/May2019/17.PNG\" alt=\"\" /></p>\r\n<p>Нажимаем кнопку &ldquo;Save&rdquo;, закрываем окно, конфигурация клиента электронной почты завершена. Теперь для пользователя user1 доступен почтовый сервис в домене server.ru: отправка и получение писем.</p>\r\n<p>&nbsp;</p>\r\n<p>Настроим почтовый сервис и на хосте 172.16.0.100, выполнив предыдущие действия.</p>\r\n<p>Вводим следующие пользовательские данные:</p>\r\n<p><img src=\"http://vkr.std-807.ist.mospolytech.ru/storage/practicals/May2019/18.PNG\" alt=\"\" /></p>\r\n<p>Теперь для пользователя user2 доступен почтовый сервис в домене mail.ru: отправка и получение писем. Настройка всех устройств и необходимых служб завершена.</p>\r\n<p>&nbsp;</p>\r\n<p><strong>Шаг 4</strong>: Отправим письмо с хоста 172.16.0.90 от user1 на хост 172.16.0.100 от user2:</p>\r\n<p>1) Один клик по выбранному узлу (172.16.0.90).</p>\r\n<p>2) Выбираем на вкладке &ldquo;Desktop&rdquo; программу &ldquo;E-mail&rdquo;.</p>\r\n<p>3) Чтобы написать и отправить письмо, нажимаем на кнопку &ldquo;Compose&rdquo;. Появится форма, которую следует заполнить. В поле &ldquo;To&rdquo; задается адрес электронной почты, кому вы отправляете письмо. Поле &ldquo;Subject&rdquo; содержит заголовок письма. Текст письма можете сочинить самостоятельно.</p>\r\n<p><img src=\"http://vkr.std-807.ist.mospolytech.ru/storage/practicals/May2019/19.PNG\" alt=\"\" /></p>\r\n<p>С помощью протокола SMTP мы отправили письмо на сервер mail.ru, теперь оно хранится там.</p>\r\n<p>Наш адресат (узел 172.16.0.100) еще не получил отправленное письмо, так как на сервер он еще не обратился по протоколу POP3.</p>\r\n<p><strong>Шаг 5</strong>: Для получения письма необходимо проделать следующие действия:</p>\r\n<p>1) Один клик по узлу 172.16.0.100.</p>\r\n<p>2) Выбираем на вкладке &ldquo;Desktop&rdquo; программу &ldquo;E-mail&rdquo;.</p>\r\n<p>3) Нажимаем на кнопку &ldquo;Receive&rdquo;, чтобы прочитать письмо.</p>', '[{\"download_link\":\"practicals\\/May2019\\/k1p94lUqGk7A8WyPUDH8.pka\",\"original_name\":\"\\u041b\\u0430\\u0431\\u043e\\u0440\\u0430\\u0442\\u043e\\u0440\\u043d\\u0430\\u044f \\u0440\\u0430\\u0431\\u043e\\u0442\\u0430 \\u211612. \\u041f\\u0440\\u043e\\u0442\\u043e\\u043a\\u043e\\u043b\\u044b SMTP \\u0438 POP3..pka\"}]', 'practicals/May2019/6Ub6MuU5RJeXDollsHTL.PNG', 1, '2019-05-26 18:07:07', '2019-05-26 18:07:07');

-- --------------------------------------------------------

--
-- Структура таблицы `practical_user`
--

CREATE TABLE `practical_user` (
  `id` int(10) UNSIGNED NOT NULL,
  `practical_id` int(10) UNSIGNED DEFAULT NULL,
  `user_id` int(10) UNSIGNED DEFAULT NULL,
  `score_id` int(10) UNSIGNED DEFAULT NULL,
  `created_at` timestamp NULL DEFAULT NULL,
  `updated_at` timestamp NULL DEFAULT NULL,
  `file` varchar(500) COLLATE utf8mb4_unicode_ci NOT NULL
) ENGINE=InnoDB DEFAULT CHARSET=utf8mb4 COLLATE=utf8mb4_unicode_ci;

--
-- Дамп данных таблицы `practical_user`
--

INSERT INTO `practical_user` (`id`, `practical_id`, `user_id`, `score_id`, `created_at`, `updated_at`, `file`) VALUES
(12, 10, 1, 1, '2019-05-09 11:00:09', '2019-05-09 11:04:25', 'labs/1/qvQ0d8B6IM5KMjfWdg9z4iqj3TEx6LF3R6Wr03Wc.zip'),
(13, 11, 1, 1, '2019-05-13 17:00:36', '2019-05-13 17:00:36', ''),
(14, 12, 1, 4, '2019-05-13 17:00:45', '2019-05-25 12:30:59', 'labs/1/NlvpBX8aQDpN5Iw3ubBKlDvefejXaswW2G9whbON.zip'),
(15, 13, 1, 1, '2019-05-13 17:00:55', '2019-05-13 17:00:55', ''),
(16, 14, 1, 1, '2019-05-13 17:01:06', '2019-05-13 17:01:06', ''),
(17, 15, 1, 2, '2019-05-13 17:01:15', '2019-05-13 17:01:15', ''),
(18, 10, 2, 3, '2019-05-23 13:12:44', '2019-05-23 13:12:44', 'labs/1/qvQ0d8B6IM5KMjfWdg9z4iqj3TEx6LF3R6Wr03Wc.zip'),
(19, 11, 2, 1, '2019-05-23 13:12:44', '2019-05-23 13:12:44', 'labs/1/qvQ0d8B6IM5KMjfWdg9z4iqj3TEx6LF3R6Wr03Wc.zip'),
(20, 12, 2, 1, '2019-05-23 13:12:44', '2019-05-25 12:32:03', 'labs/1/qvQ0d8B6IM5KMjfWdg9z4iqj3TEx6LF3R6Wr03Wc.zip'),
(21, 13, 2, 4, '2019-05-23 13:12:45', '2019-05-23 13:12:45', 'labs/1/qvQ0d8B6IM5KMjfWdg9z4iqj3TEx6LF3R6Wr03Wc.zip'),
(22, 14, 2, 3, '2019-05-23 13:12:45', '2019-05-23 13:12:45', 'labs/1/qvQ0d8B6IM5KMjfWdg9z4iqj3TEx6LF3R6Wr03Wc.zip'),
(23, 15, 2, 2, '2019-05-23 13:12:45', '2019-05-23 13:12:45', 'labs/1/qvQ0d8B6IM5KMjfWdg9z4iqj3TEx6LF3R6Wr03Wc.zip'),
(25, 10, 16, 1, '2019-05-24 13:51:21', '2019-05-25 12:33:48', 'labs/16/rfbxj0HsgJaaDpLhvatdeR6yC68A1OB33NJqR6sY.zip'),
(26, 13, 16, 6, '2019-05-25 12:41:13', '2019-05-25 12:41:13', ''),
(27, 16, 1, 6, '2019-05-26 10:32:56', '2019-05-26 10:32:56', ''),
(28, 17, 1, 6, '2019-05-26 10:32:59', '2019-05-26 10:32:59', ''),
(29, 18, 1, 6, '2019-05-26 10:33:02', '2019-05-26 10:33:02', ''),
(30, 19, 1, 6, '2019-05-26 10:33:06', '2019-05-26 10:33:06', ''),
(31, 21, 1, 6, '2019-05-27 08:59:04', '2019-05-27 08:59:04', '');

-- --------------------------------------------------------

--
-- Структура таблицы `programs`
--

CREATE TABLE `programs` (
  `id` int(10) UNSIGNED NOT NULL,
  `name` varchar(191) COLLATE utf8mb4_unicode_ci NOT NULL,
  `created_at` timestamp NULL DEFAULT NULL,
  `updated_at` timestamp NULL DEFAULT NULL
) ENGINE=InnoDB DEFAULT CHARSET=utf8mb4 COLLATE=utf8mb4_unicode_ci;

--
-- Дамп данных таблицы `programs`
--

INSERT INTO `programs` (`id`, `name`, `created_at`, `updated_at`) VALUES
(1, 'Интеграция и программирование САПР', '2019-03-23 00:01:24', '2019-03-23 00:01:24'),
(2, 'Веб-технологии', '2019-03-30 22:56:35', '2019-03-30 22:56:35'),
(3, 'Программное обеспечение информационных технологий', '2019-03-30 22:56:35', '2019-03-30 22:56:35'),
(4, 'Корпоротивные информационные системы', '2019-03-30 22:56:35', '2019-03-30 22:56:35'),
(5, 'Информационная безопасность', '2019-03-30 22:56:35', '2019-03-30 22:56:35');

-- --------------------------------------------------------

--
-- Структура таблицы `questions`
--

CREATE TABLE `questions` (
  `id` int(10) UNSIGNED NOT NULL,
  `text` text COLLATE utf8mb4_unicode_ci NOT NULL,
  `true_answer` int(10) UNSIGNED DEFAULT NULL
) ENGINE=InnoDB DEFAULT CHARSET=utf8mb4 COLLATE=utf8mb4_unicode_ci;

--
-- Дамп данных таблицы `questions`
--

INSERT INTO `questions` (`id`, `text`, `true_answer`) VALUES
(8, 'Сколько MAC-адресов может быть у одного компьютера?', 26),
(9, 'Чем коммутатор отличается от концентратора?', 31),
(10, 'Для чего нужен шлюз по умолчанию?', 38),
(11, 'Что такое сетевой порт?', 45),
(12, 'Что такое IP?', 50),
(13, 'Назовите виды топологии сети.', 51),
(14, 'Что делает сетевая команда tracert?', 55),
(15, 'Сколько уровней у протокола интернета TCP/IP', 60),
(16, 'DNS от DHCP отличается:', 65),
(17, 'Что такое хостинг?', 68),
(18, 'Как называется размещение подготовленных материалов на web- узле?', 73),
(19, 'Для создания Web -страниц используется', 80),
(20, 'Среда WWW не имеет структуру?', 81),
(21, 'Документы WWW хранятся?', 89),
(22, 'Интерактивные Web-узлы генерируют запрошенную Web-страницу с помощью', 93),
(23, 'Для записи адресов документов Интернета используется форма, называемая', 99),
(24, 'Адрес содержит указания...', 101),
(25, 'Преобразование адреса URL в цифровую форму IP-адреса производит?', 107),
(26, 'В качестве разделителя в пути поиска документа Интернета всегда используется...', 115),
(27, 'Форматирование и отображение документа на конкретном ПК производиться специальной программой', 120),
(28, 'Какой стандарт, позволяет Web-серверам запускать прикладные программы?', 121),
(29, 'Что означает понятие браузер?', 130),
(30, 'Перечислите наиболее распространенные браузеры?', 131),
(31, 'Какие программы созданы для работы с электронной почтой?', 136),
(32, 'Укажите неправильную функцию браузера', 137),
(33, 'Загрузка гиперссылки происходит по протоколу', 145),
(34, 'Параметры оптимальной настройки зависят от многих факторов, укажите неверный...', 147),
(35, 'Для передачи чего предназначен HTTP?', 156),
(36, 'Что хранится в меню «Избранное» программы Internet Explorer?', 157),
(37, 'Какие команды служат для диагностики сети?', 165),
(38, 'На каком уровне модели OSI работает Switch?', 168),
(39, 'Для чего предназначена команда show ip route?', 173),
(40, 'Какая команда используются для просмотра активных VLAN?', 174),
(41, 'Для чего служит метрика?', 180),
(42, 'Какой порт принято использовать для программирования маршрутизаторов Cisco?', 182),
(43, 'Какой комбинацией клавиш можно перейти в режим симуляции?', 186),
(44, 'На сетевое оборудование какого производителя ориентирована программа GNS3?', 192),
(45, 'В какой топологии выход из строя одной рабочей станции не отражается на работе всей сети в целом?', 194),
(46, 'Сколько основных меню содержит основное окно программы Cisco Packet Tracer?', 197),
(47, 'Как часто используется Resive Shape?', 201),
(48, 'Инструмент Delete ([Del])', 203),
(49, 'Первый инструмент меню (сверху вниз) Select (быстрый доступ – [Esc]) используется для выделения', 208),
(50, 'Инструмент графического меню Move Layout ([M]) используется для прокрутки', 211),
(51, 'Инструмент Place Note ([N]) добавляет подпись', 212),
(52, 'Инструмент Inspect ([I]) на внешний вид напоминающий лупу', 215),
(53, 'Инструмент Resize Shape ([Alt]+ [R]) предназначен для изменения размеров рисованных объектов', 219),
(54, 'Connections – выбор типа', 220),
(55, 'Какое устройство позволяет добавлять в проект маршрутизаторы Cisco?', 224),
(56, 'Сколько всего организаций в топологии?', 229),
(57, 'Сколько портов используется на концентраторе Hub-PT Hub 1?', 227),
(58, 'Какие сервисы используются на сервере Server-PT Comp2 первой организации?', 232),
(59, 'Какой IP адрес использует городская сеть?', 237),
(60, 'Какие адреса статической маршрутизации используются на Router 1?', 238),
(61, 'Сколько интерфейсов имеют маршрутизаторы?', 226),
(62, 'Какой шлюз по умолчанию используется в сети первой организации?', 244),
(63, 'Какой IP адрес получает компьютер Comp 7 в сети третьей организации?', 247),
(64, 'Какая команда используется для поднятия интерфейса на маршрутизаторе?', 252),
(65, 'Каким образом ПК1 получает IP адрес?', 254),
(66, 'Какой IP стоит у DHCP сервера?', 257),
(67, 'Какая ресурсная запись типа А используется на DNS, Web-server?', 260),
(68, 'Какая команда используется для проверки прямой DNS зоны Server1?', 265),
(69, 'Какой DNS Server стоит при выдаче DHCP на Server2?', 269),
(70, 'Какая команда используется для получения нового ip адреса?', 274),
(71, 'Какие основные характеристики используются для получения маршрута протокола RIP?', 278),
(72, 'Какая команда используется для входа в привилигированный режим?', 279),
(73, 'Какая команда используется для запуска протокола RIP?', 283),
(74, 'Какие сети транслируются на R1?', 287),
(75, 'Какая версия протокола RIP используется в лабораторной работе?', 292),
(76, 'Какая команда подтверждает настройки маршрутизатора?', 296),
(77, 'Сколько узлов пройдет пакет при удалении кабеля между маршрутизаторами R1 и R2?', 227);

-- --------------------------------------------------------

--
-- Структура таблицы `question_answer`
--

CREATE TABLE `question_answer` (
  `id` int(10) UNSIGNED NOT NULL,
  `question_id` int(10) UNSIGNED DEFAULT NULL,
  `answer_id` int(10) UNSIGNED DEFAULT NULL
) ENGINE=InnoDB DEFAULT CHARSET=utf8mb4 COLLATE=utf8mb4_unicode_ci;

--
-- Дамп данных таблицы `question_answer`
--

INSERT INTO `question_answer` (`id`, `question_id`, `answer_id`) VALUES
(24, 8, 26),
(25, 8, 27),
(26, 8, 28),
(27, 8, 29),
(28, 9, 30),
(29, 9, 31),
(30, 9, 32),
(31, 9, 33),
(32, 9, 34),
(33, 10, 38),
(34, 10, 39),
(35, 10, 40),
(36, 10, 41),
(37, 10, 42),
(38, 11, 43),
(39, 11, 44),
(40, 11, 45),
(41, 11, 46),
(42, 12, 47),
(43, 12, 48),
(44, 12, 49),
(45, 12, 50),
(46, 13, 51),
(47, 13, 52),
(48, 13, 53),
(49, 13, 54),
(50, 14, 56),
(51, 14, 55),
(52, 14, 57),
(53, 14, 58),
(54, 15, 59),
(55, 15, 60),
(56, 15, 61),
(57, 15, 62),
(58, 16, 63),
(59, 16, 64),
(60, 16, 65),
(61, 16, 66),
(62, 17, 67),
(63, 17, 68),
(64, 17, 69),
(65, 17, 70),
(66, 18, 71),
(67, 18, 72),
(68, 18, 73),
(69, 18, 74),
(70, 18, 75),
(71, 19, 76),
(72, 19, 77),
(73, 19, 78),
(74, 19, 79),
(75, 19, 80),
(76, 20, 81),
(77, 20, 82),
(78, 20, 83),
(79, 20, 84),
(80, 20, 85),
(81, 21, 86),
(82, 21, 87),
(83, 21, 88),
(84, 21, 89),
(85, 21, 90),
(86, 22, 91),
(87, 22, 92),
(88, 22, 93),
(89, 22, 94),
(90, 22, 95),
(91, 23, 96),
(92, 23, 97),
(93, 23, 98),
(94, 23, 99),
(95, 23, 100),
(96, 24, 101),
(97, 24, 102),
(98, 24, 103),
(99, 24, 104),
(100, 24, 105),
(101, 25, 106),
(102, 25, 107),
(103, 25, 108),
(104, 25, 109),
(105, 25, 110),
(106, 26, 111),
(107, 26, 112),
(108, 26, 113),
(109, 26, 114),
(110, 26, 115),
(111, 27, 116),
(112, 27, 117),
(113, 27, 118),
(114, 27, 119),
(115, 27, 120),
(116, 28, 121),
(117, 28, 122),
(118, 28, 123),
(119, 28, 124),
(120, 28, 125),
(121, 29, 126),
(122, 29, 127),
(123, 29, 128),
(124, 29, 129),
(125, 29, 130),
(126, 30, 131),
(127, 30, 132),
(128, 30, 133),
(129, 30, 134),
(130, 30, 135),
(131, 31, 131),
(132, 31, 133),
(133, 31, 134),
(134, 31, 135),
(135, 31, 136),
(136, 32, 137),
(137, 32, 138),
(138, 32, 139),
(139, 32, 140),
(140, 32, 141),
(141, 33, 142),
(142, 33, 143),
(143, 33, 144),
(144, 33, 145),
(145, 33, 146),
(146, 34, 147),
(147, 34, 148),
(148, 34, 149),
(149, 34, 150),
(150, 34, 151),
(151, 35, 152),
(152, 35, 153),
(153, 35, 154),
(154, 35, 155),
(155, 35, 156),
(156, 36, 157),
(157, 36, 158),
(158, 36, 159),
(159, 36, 160),
(160, 36, 161),
(161, 37, 162),
(162, 37, 163),
(163, 37, 164),
(164, 37, 165),
(165, 38, 167),
(166, 38, 168),
(167, 38, 166),
(168, 38, 169),
(169, 39, 170),
(170, 39, 172),
(171, 39, 173),
(172, 39, 171),
(173, 40, 174),
(174, 40, 175),
(175, 40, 176),
(176, 40, 177),
(177, 41, 178),
(178, 41, 179),
(179, 41, 181),
(180, 41, 180),
(181, 42, 182),
(182, 42, 183),
(183, 42, 184),
(184, 43, 185),
(185, 43, 186),
(186, 43, 187),
(187, 43, 188),
(188, 44, 189),
(189, 44, 190),
(190, 44, 191),
(191, 44, 192),
(192, 45, 193),
(193, 45, 194),
(194, 45, 195),
(195, 45, 196),
(196, 46, 197),
(197, 46, 198),
(198, 46, 199),
(199, 47, 200),
(200, 47, 201),
(201, 47, 202),
(202, 48, 203),
(203, 48, 204),
(204, 48, 205),
(205, 49, 206),
(206, 49, 207),
(207, 49, 208),
(208, 50, 209),
(209, 50, 210),
(210, 50, 211),
(211, 51, 212),
(212, 51, 213),
(213, 51, 214),
(214, 52, 205),
(215, 52, 215),
(216, 52, 216),
(217, 53, 217),
(218, 53, 218),
(219, 53, 219),
(220, 54, 220),
(221, 54, 221),
(222, 54, 222),
(223, 55, 223),
(224, 55, 224),
(225, 55, 225),
(226, 56, 226),
(227, 56, 227),
(228, 56, 228),
(229, 56, 229),
(230, 57, 226),
(231, 57, 227),
(232, 57, 228),
(233, 57, 229),
(234, 58, 230),
(235, 58, 231),
(236, 58, 232),
(237, 58, 233),
(238, 59, 234),
(239, 59, 235),
(240, 59, 236),
(241, 59, 237),
(242, 60, 238),
(243, 60, 239),
(244, 60, 240),
(245, 61, 226),
(246, 61, 227),
(247, 61, 229),
(248, 61, 241),
(249, 62, 242),
(250, 62, 243),
(251, 62, 244),
(252, 63, 245),
(253, 63, 246),
(254, 63, 247),
(255, 63, 248),
(256, 64, 249),
(257, 64, 250),
(258, 64, 251),
(259, 64, 252),
(260, 65, 253),
(261, 65, 254),
(262, 65, 255),
(263, 66, 256),
(264, 66, 257),
(265, 66, 258),
(266, 66, 259),
(267, 67, 260),
(268, 67, 261),
(269, 67, 262),
(270, 67, 263),
(271, 68, 264),
(272, 68, 265),
(273, 68, 266),
(274, 68, 267),
(275, 69, 268),
(276, 69, 269),
(277, 69, 270),
(278, 69, 271),
(279, 70, 272),
(280, 70, 273),
(281, 70, 274),
(282, 70, 275),
(283, 71, 276),
(284, 71, 277),
(285, 71, 278),
(286, 72, 279),
(287, 72, 280),
(288, 72, 281),
(289, 72, 282),
(290, 73, 283),
(291, 73, 284),
(292, 73, 285),
(293, 73, 286),
(294, 74, 287),
(295, 74, 288),
(296, 74, 289),
(297, 74, 290),
(298, 75, 291),
(299, 75, 292),
(300, 75, 293),
(301, 75, 294),
(302, 76, 295),
(303, 76, 296),
(304, 76, 297),
(305, 76, 298),
(306, 77, 226),
(307, 77, 227),
(308, 77, 228),
(309, 77, 229);

-- --------------------------------------------------------

--
-- Структура таблицы `roles`
--

CREATE TABLE `roles` (
  `id` bigint(20) UNSIGNED NOT NULL,
  `name` varchar(191) COLLATE utf8mb4_unicode_ci NOT NULL,
  `display_name` varchar(191) COLLATE utf8mb4_unicode_ci NOT NULL,
  `created_at` timestamp NULL DEFAULT NULL,
  `updated_at` timestamp NULL DEFAULT NULL
) ENGINE=InnoDB DEFAULT CHARSET=utf8mb4 COLLATE=utf8mb4_unicode_ci;

--
-- Дамп данных таблицы `roles`
--

INSERT INTO `roles` (`id`, `name`, `display_name`, `created_at`, `updated_at`) VALUES
(1, 'admin', 'Администратор', '2019-03-25 11:44:18', '2019-03-25 11:44:18'),
(2, 'user', 'Студент', '2019-03-25 11:44:19', '2019-03-31 14:54:33'),
(3, 'teacher', 'Преподаватель', '2019-03-25 16:25:41', '2019-03-25 16:25:41');

-- --------------------------------------------------------

--
-- Структура таблицы `scores`
--

CREATE TABLE `scores` (
  `id` int(10) UNSIGNED NOT NULL,
  `name` varchar(191) COLLATE utf8mb4_unicode_ci NOT NULL,
  `score` int(10) UNSIGNED NOT NULL
) ENGINE=InnoDB DEFAULT CHARSET=utf8mb4 COLLATE=utf8mb4_unicode_ci;

--
-- Дамп данных таблицы `scores`
--

INSERT INTO `scores` (`id`, `name`, `score`) VALUES
(1, 'Отлично', 5),
(2, 'Хорошо', 4),
(3, 'Удовлетворительно', 3),
(4, 'Неудовлетворительно', 2),
(5, 'Плохо', 1),
(6, 'Нет оценки', 0);

-- --------------------------------------------------------

--
-- Структура таблицы `settings`
--

CREATE TABLE `settings` (
  `id` int(10) UNSIGNED NOT NULL,
  `key` varchar(191) COLLATE utf8mb4_unicode_ci NOT NULL,
  `display_name` varchar(191) COLLATE utf8mb4_unicode_ci NOT NULL,
  `value` text COLLATE utf8mb4_unicode_ci,
  `details` text COLLATE utf8mb4_unicode_ci,
  `type` varchar(191) COLLATE utf8mb4_unicode_ci NOT NULL,
  `order` int(11) NOT NULL DEFAULT '1',
  `group` varchar(191) COLLATE utf8mb4_unicode_ci DEFAULT NULL
) ENGINE=InnoDB DEFAULT CHARSET=utf8mb4 COLLATE=utf8mb4_unicode_ci;

--
-- Дамп данных таблицы `settings`
--

INSERT INTO `settings` (`id`, `key`, `display_name`, `value`, `details`, `type`, `order`, `group`) VALUES
(1, 'site.title', 'Название Сайта', 'Learning Cisco Emulation', '', 'text', 1, 'Site'),
(2, 'site.description', 'Описание Сайта', 'Learning Cisco Emulation — ценные практические навыки в области сетевых технологий', '', 'text', 2, 'Site'),
(3, 'site.logo', 'Логотип Сайта', 'settings\\May2019\\6VEqU7Un8d8FHByqQFEd.png', '', 'image', 3, 'Site'),
(5, 'admin.bg_image', 'Фоновое Изображение для Админки', '', '', 'image', 5, 'Admin'),
(6, 'admin.title', 'Название Админки', 'LCE панель', '', 'text', 1, 'Admin'),
(7, 'admin.description', 'Описание Админки', 'Добро пожаловать в Learning Cisco Emulation', '', 'text', 2, 'Admin'),
(8, 'admin.loader', 'Загрузчик Админки', 'settings\\May2019\\PYYjJN7iXYncpK4rw3qk.png', '', 'image', 3, 'Admin'),
(9, 'admin.icon_image', 'Иконка Админки', 'settings\\May2019\\SZa6mjHxOYJgJZUlQmhR.png', '', 'image', 4, 'Admin');

-- --------------------------------------------------------

--
-- Структура таблицы `tasks`
--

CREATE TABLE `tasks` (
  `id` int(10) UNSIGNED NOT NULL,
  `name` varchar(191) COLLATE utf8mb4_unicode_ci NOT NULL,
  `description` varchar(191) COLLATE utf8mb4_unicode_ci NOT NULL,
  `created_at` timestamp NULL DEFAULT NULL,
  `updated_at` timestamp NULL DEFAULT NULL
) ENGINE=InnoDB DEFAULT CHARSET=utf8mb4 COLLATE=utf8mb4_unicode_ci;

--
-- Дамп данных таблицы `tasks`
--

INSERT INTO `tasks` (`id`, `name`, `description`, `created_at`, `updated_at`) VALUES
(3, 'Тестирование №1. Сетевые технологии', 'Тестирование №1. Сетевые технологии. На каждый вопрос есть только один вариант ответа.', '2019-05-22 07:51:00', '2019-05-22 08:45:23'),
(4, 'Тестирование №2. Введение в сетевые технологии и веб-технологии', 'Тестирование №2. Введение в сетевые технологии и веб-технологии', '2019-05-26 20:12:38', '2019-05-26 20:12:38'),
(5, 'Тестирование №3. Введение в сетевые технологии и веб-технологии', 'Тестирование №3. Введение в сетевые технологии и веб-технологии', '2019-05-26 20:27:01', '2019-05-26 20:27:01'),
(6, 'Тестирование №4. Работа в программе Cisco Packet Tracer', 'Тестирование №4. Работа в программе Cisco Packet Tracer', '2019-05-26 20:42:43', '2019-05-26 20:42:43'),
(7, 'Тестирование №5. Cisco Packet Tracer – Знакомство с программой', 'Тестирование №5. Cisco Packet Tracer – Знакомство с программой', '2019-05-26 21:04:00', '2019-05-26 21:04:00'),
(8, 'Лабораторная работа №5. Настройка статической маршрутизации', 'Настройка статической маршрутизации', '2019-05-27 07:16:00', '2019-05-27 08:17:36'),
(9, 'Лабораторная работа №4. Настройка сетевых сервисов.', 'Лабораторная работа №4. Настройка сетевых сервисов.', '2019-05-27 08:18:05', '2019-05-27 08:18:05'),
(10, 'Лабораторная работа №8. Настройка динамической маршрутизации протокола RIP.', 'Лабораторная работа №8. Настройка динамической маршрутизации протокола RIP.', '2019-05-27 08:24:44', '2019-05-27 08:24:44');

-- --------------------------------------------------------

--
-- Структура таблицы `task_question`
--

CREATE TABLE `task_question` (
  `id` int(10) UNSIGNED NOT NULL,
  `task_id` int(10) UNSIGNED DEFAULT NULL,
  `question_id` int(10) UNSIGNED DEFAULT NULL
) ENGINE=InnoDB DEFAULT CHARSET=utf8mb4 COLLATE=utf8mb4_unicode_ci;

--
-- Дамп данных таблицы `task_question`
--

INSERT INTO `task_question` (`id`, `task_id`, `question_id`) VALUES
(6, 3, 8),
(7, 3, 9),
(8, 3, 10),
(9, 3, 11),
(10, 3, 12),
(11, 3, 13),
(12, 3, 14),
(13, 3, 15),
(14, 3, 16),
(15, 3, 17),
(16, 4, 18),
(17, 4, 19),
(18, 4, 20),
(19, 4, 21),
(20, 4, 22),
(21, 4, 23),
(22, 4, 24),
(23, 4, 25),
(24, 4, 26),
(25, 4, 27),
(26, 5, 28),
(27, 5, 29),
(28, 5, 30),
(29, 5, 31),
(30, 5, 32),
(31, 5, 33),
(32, 5, 34),
(33, 5, 35),
(34, 5, 36),
(35, 6, 37),
(36, 6, 38),
(37, 6, 39),
(38, 6, 40),
(39, 6, 41),
(40, 6, 42),
(41, 6, 43),
(42, 6, 44),
(43, 6, 45),
(44, 7, 46),
(45, 7, 47),
(46, 7, 48),
(47, 7, 49),
(48, 7, 50),
(49, 7, 51),
(50, 7, 52),
(51, 7, 53),
(52, 7, 54),
(53, 7, 55),
(54, 8, 56),
(55, 8, 57),
(56, 8, 58),
(57, 8, 59),
(58, 8, 60),
(59, 8, 61),
(60, 8, 62),
(61, 8, 63),
(62, 8, 64),
(63, 9, 65),
(64, 9, 66),
(65, 9, 67),
(66, 9, 68),
(67, 9, 69),
(68, 9, 70),
(69, 10, 71),
(70, 10, 72),
(71, 10, 73),
(72, 10, 74),
(73, 10, 75),
(74, 10, 76),
(75, 10, 77);

-- --------------------------------------------------------

--
-- Структура таблицы `theories`
--

CREATE TABLE `theories` (
  `id` int(10) UNSIGNED NOT NULL,
  `name` varchar(100) COLLATE utf8mb4_unicode_ci NOT NULL,
  `description` text COLLATE utf8mb4_unicode_ci NOT NULL,
  `body` text COLLATE utf8mb4_unicode_ci NOT NULL,
  `image` varchar(200) COLLATE utf8mb4_unicode_ci NOT NULL,
  `created_at` timestamp NULL DEFAULT NULL,
  `updated_at` timestamp NULL DEFAULT NULL
) ENGINE=InnoDB DEFAULT CHARSET=utf8mb4 COLLATE=utf8mb4_unicode_ci;

--
-- Дамп данных таблицы `theories`
--

INSERT INTO `theories` (`id`, `name`, `description`, `body`, `image`, `created_at`, `updated_at`) VALUES
(1, 'Интерфейс Cisco Packet Tracer', 'В данном теоретическом материале будет изложена тема, посвященная интерфейсу программного обеспечения Cisco Packet Tracer.', '<p><strong>Интерфейс программы Cisco Packet Tracer</strong>.</p>\r\n<p><img class=\"img-fluid\" src=\"http://vkr.loc/storage/theories/May2019/1.png\" alt=\"\" /></p>\r\n<p>1. Главное меню программы со следующим содержимым:</p>\r\n<ul>\r\n<li>Файл - содержит операции открытия/сохранения документов;</li>\r\n<li>Правка - стандартные операции \"копировать/вырезать, отменить/повторить\";</li>\r\n<li>Настройки - говорит само за себя;</li>\r\n<li>Вид - масштаб рабочей области и панели инструментов;</li>\r\n<li>Инструменты - цветовая палитра и кастомизация конечных устройств;</li>\r\n<li>Расширения - мастер проектов, многопользовательский режим и несколько приблуд, которые из CPT (так я иногда буду ласково называть Cisco Packet Tracer) могут сделать целую лабораторию;</li>\r\n<li>Помощь - ни за что не угадаете, что там содержится;</li>\r\n</ul>\r\n<p>2. Панель инструментов, часть которых просто дублирует пункты меню.</p>\r\n<p>3. Переключатель между логической и физической организацией.</p>\r\n<p>4. Переключатель между реальным режимом (Real-Time) и режимом симуляции.</p>\r\n<p>5. Панель с группами конечных устройств и линий связи.</p>\r\n<p>6. Сами конечные устройства, здесь содержатся всевозможные коммутаторы, узлы, точки доступа, проводники.</p>\r\n<p>7. Рабочее пространство.</p>', 'theories\\May2019\\wqmX4ceeOCx4SQrUvqLx.png', '2019-04-18 19:19:00', '2019-05-09 09:19:44'),
(2, 'Основные команды сетевого устройства', 'В данном теоретическом материале будут описаны основные команды сетевого устройства Cisco Packet Tracer.', '<p class=\"MsoNormal\" style=\"margin-bottom: .0001pt; text-align: justify; line-height: normal;\"><strong><span style=\"font-size: 14.0pt; font-family: \'Times New Roman\',serif;\">Основные команды сетевого устройства</span></strong></p>\r\n<p class=\"MsoNormal\" style=\"margin-bottom: .0001pt; text-align: justify; line-height: normal;\"><span style=\"font-size: 14.0pt; font-family: \'Times New Roman\',serif;\">&nbsp;</span></p>\r\n<p class=\"MsoNormal\" style=\"margin-bottom: .0001pt; text-align: justify; line-height: normal;\"><span style=\"font-size: 14.0pt; font-family: \'Times New Roman\',serif;\">1. Войдите сетевое устройство Router1</span></p>\r\n<p class=\"MsoNormal\" style=\"margin-bottom: .0001pt; text-align: justify; line-height: normal;\"><span lang=\"EN-US\" style=\"font-size: 14.0pt; font-family: \'Courier New\'; mso-ansi-language: EN-US;\">Router</span><span style=\"font-size: 14.0pt; font-family: \'Courier New\';\">&gt;</span></p>\r\n<p class=\"MsoNormal\" style=\"margin-bottom: .0001pt; text-align: justify; line-height: normal;\">&nbsp;</p>\r\n<p class=\"MsoNormal\" style=\"margin-bottom: .0001pt; text-align: justify; line-height: normal;\"><span style=\"font-size: 14.0pt; font-family: \'Times New Roman\',serif;\">2. Мы хотим увидеть список всех доступных команд в этом режиме. Введите </span></p>\r\n<p class=\"MsoNormal\" style=\"margin-bottom: .0001pt; text-align: justify; line-height: normal;\"><span style=\"font-size: 14.0pt; font-family: \'Times New Roman\',serif;\">команду, которая используется для просмотра всех доступных команд: </span></p>\r\n<p class=\"MsoNormal\" style=\"margin-bottom: .0001pt; text-align: justify; line-height: normal;\"><span lang=\"EN-US\" style=\"font-size: 14.0pt; font-family: \'Courier New\'; mso-ansi-language: EN-US;\">Router</span><span style=\"font-size: 14.0pt; font-family: \'Courier New\';\">&gt;</span><strong><span style=\"font-size: 14.0pt; font-family: \'Times New Roman\',serif;\">?</span></strong></p>\r\n<p class=\"MsoNormal\" style=\"margin-bottom: .0001pt; text-align: justify; line-height: normal;\"><span style=\"font-size: 14.0pt; font-family: \'Times New Roman\',serif;\">Клавишу Enter нажимать не надо.</span></p>\r\n<p class=\"MsoNormal\" style=\"margin-bottom: .0001pt; text-align: justify; line-height: normal;\">&nbsp;</p>\r\n<p class=\"MsoNormal\" style=\"margin-bottom: .0001pt; text-align: justify; line-height: normal;\"><span style=\"font-size: 14.0pt; font-family: \'Times New Roman\',serif;\">3. Теперь войдите в привилегированный режим</span></p>\r\n<p class=\"MsoNormal\" style=\"margin-bottom: .0001pt; text-align: justify; line-height: normal;\"><span lang=\"EN-US\" style=\"font-size: 14.0pt; font-family: \'Courier New\'; mso-ansi-language: EN-US;\">Router</span><span style=\"font-size: 14.0pt; font-family: \'Courier New\';\">&gt;</span><strong><span lang=\"EN-US\" style=\"font-size: 14.0pt; font-family: \'Times New Roman\',serif; mso-ansi-language: EN-US;\">enable</span></strong></p>\r\n<p class=\"MsoNormal\" style=\"margin-bottom: .0001pt; text-align: justify; line-height: normal;\"><span lang=\"EN-US\" style=\"font-size: 14.0pt; font-family: \'Courier New\'; mso-ansi-language: EN-US;\">Router</span><span style=\"font-size: 14.0pt; font-family: \'Courier New\';\">#</span></p>\r\n<p class=\"MsoNormal\" style=\"margin-bottom: .0001pt; text-align: justify; line-height: normal;\"><span style=\"font-size: 14.0pt; font-family: \'Times New Roman\',serif;\">&nbsp;</span></p>\r\n<p class=\"MsoNormal\" style=\"margin-bottom: .0001pt; text-align: justify; line-height: normal;\"><span style=\"font-size: 14.0pt; font-family: \'Times New Roman\',serif;\">4. Просмотрите список доступных команд в привилегированном режиме </span></p>\r\n<p class=\"MsoNormal\" style=\"margin-bottom: .0001pt; text-align: justify; line-height: normal;\"><span lang=\"EN-US\" style=\"font-size: 14.0pt; font-family: \'Courier New\'; mso-ansi-language: EN-US;\">Router#</span><strong><span lang=\"EN-US\" style=\"font-size: 14.0pt; font-family: \'Times New Roman\',serif; mso-ansi-language: EN-US;\">?</span></strong></p>\r\n<p class=\"MsoNormal\" style=\"margin-bottom: .0001pt; text-align: justify; line-height: normal;\"><span lang=\"EN-US\" style=\"font-size: 14.0pt; font-family: \'Times New Roman\',serif; mso-ansi-language: EN-US;\">&nbsp;</span></p>\r\n<p class=\"MsoNormal\" style=\"margin-bottom: .0001pt; text-align: justify; line-height: normal;\"><span lang=\"EN-US\" style=\"font-size: 14.0pt; font-family: \'Times New Roman\',serif; mso-ansi-language: EN-US;\">5. </span><span style=\"font-size: 14.0pt; font-family: \'Times New Roman\',serif;\">Перейдём</span> <span style=\"font-size: 14.0pt; font-family: \'Times New Roman\',serif;\">в</span> <span style=\"font-size: 14.0pt; font-family: \'Times New Roman\',serif;\">режим</span> <span style=\"font-size: 14.0pt; font-family: \'Times New Roman\',serif;\">конфигурации</span></p>\r\n<p class=\"MsoNormal\" style=\"margin-bottom: .0001pt; text-align: justify; line-height: normal;\"><span lang=\"EN-US\" style=\"font-size: 14.0pt; font-family: \'Times New Roman\',serif; mso-ansi-language: EN-US;\">&nbsp;</span></p>\r\n<p class=\"MsoNormal\" style=\"margin-bottom: .0001pt; text-align: justify; line-height: normal;\"><span lang=\"EN-US\" style=\"font-size: 14.0pt; font-family: \'Courier New\'; mso-ansi-language: EN-US;\">Router#</span><strong><span lang=\"EN-US\" style=\"font-size: 14.0pt; font-family: \'Times New Roman\',serif; mso-ansi-language: EN-US;\">config terminal</span></strong></p>\r\n<p class=\"MsoNormal\" style=\"margin-bottom: .0001pt; text-align: justify; line-height: normal;\"><span lang=\"EN-US\" style=\"font-size: 14.0pt; font-family: \'Courier New\'; mso-ansi-language: EN-US;\">Router(config)#</span></p>\r\n<p class=\"MsoNormal\" style=\"margin-bottom: .0001pt; text-align: justify; line-height: normal;\"><span lang=\"EN-US\" style=\"font-size: 14.0pt; font-family: \'Times New Roman\',serif; mso-ansi-language: EN-US;\">&nbsp;</span></p>\r\n<p class=\"MsoNormal\" style=\"margin-bottom: .0001pt; text-align: justify; line-height: normal;\"><span style=\"font-size: 14.0pt; font-family: \'Times New Roman\',serif;\">6. Имя хоста сетевого устройства используется для локальной идентификации. </span></p>\r\n<p class=\"MsoNormal\" style=\"margin-bottom: .0001pt; text-align: justify; line-height: normal;\"><span style=\"font-size: 14.0pt; font-family: \'Times New Roman\',serif;\">Когда вы входите в сетевое устройство, вы видите&nbsp; Имя хоста&nbsp; перед символом режима (\"&gt;\"&nbsp;&nbsp; или&nbsp;&nbsp; \"#\"). Это имя может быть использовано для определения места нахождения. </span></p>\r\n<p class=\"MsoNormal\" style=\"margin-bottom: .0001pt; text-align: justify; line-height: normal;\"><span style=\"font-size: 14.0pt; font-family: \'Times New Roman\',serif;\">Установите \"Router1\" как имя вашег сетевого устройства. </span></p>\r\n<p class=\"MsoNormal\" style=\"margin-bottom: .0001pt; text-align: justify; line-height: normal;\"><span style=\"font-size: 14.0pt; font-family: \'Times New Roman\',serif;\">&nbsp;</span></p>\r\n<p class=\"MsoNormal\" style=\"margin-bottom: .0001pt; text-align: justify; line-height: normal;\"><span lang=\"EN-US\" style=\"font-size: 14.0pt; font-family: \'Courier New\'; mso-ansi-language: EN-US;\">Router(config)#</span><strong><span lang=\"EN-US\" style=\"font-size: 14.0pt; font-family: \'Times New Roman\',serif; mso-ansi-language: EN-US;\">hostname Router1</span></strong></p>\r\n<p class=\"MsoNormal\" style=\"margin-bottom: .0001pt; text-align: justify; line-height: normal;\"><span lang=\"EN-US\" style=\"font-size: 14.0pt; font-family: \'Courier New\'; mso-ansi-language: EN-US;\">Router1(config)#</span></p>\r\n<p class=\"MsoNormal\" style=\"margin-bottom: .0001pt; text-align: justify; line-height: normal;\"><span lang=\"EN-US\" style=\"font-size: 14.0pt; font-family: \'Times New Roman\',serif; mso-ansi-language: EN-US;\">&nbsp;</span></p>\r\n<p class=\"MsoNormal\" style=\"margin-bottom: .0001pt; text-align: justify; line-height: normal;\"><span style=\"font-size: 14.0pt; font-family: \'Times New Roman\',serif;\">7. Пароль доступа позволяет вам контролировать доступ в привилегированный </span></p>\r\n<p class=\"MsoNormal\" style=\"margin-bottom: .0001pt; text-align: justify; line-height: normal;\"><span style=\"font-size: 14.0pt; font-family: \'Times New Roman\',serif;\">режим. Это очень важный пароль, потому что в привилегированном режиме можно вносить конфигурационные изменения. Установите пароль доступу \"parol\".</span></p>\r\n<p class=\"MsoNormal\" style=\"margin-bottom: .0001pt; text-align: justify; line-height: normal;\"><span style=\"font-size: 14.0pt; font-family: \'Times New Roman\',serif;\">&nbsp;</span></p>\r\n<p class=\"MsoNormal\" style=\"margin-bottom: .0001pt; text-align: justify; line-height: normal;\"><span lang=\"EN-US\" style=\"font-size: 14.0pt; font-family: \'Courier New\'; mso-ansi-language: EN-US;\">Router1(config)#</span><strong><span lang=\"EN-US\" style=\"font-size: 14.0pt; font-family: \'Times New Roman\',serif; mso-ansi-language: EN-US;\">enable password parol</span></strong></p>\r\n<p class=\"MsoNormal\" style=\"margin-bottom: .0001pt; text-align: justify; line-height: normal;\"><!-- [if !supportLists]--><span style=\"font-size: 14.0pt; font-family: \'Times New Roman\',serif;\">Давайте испытаем этот пароль. Выйдите из сетевого устройства и попытайтесь зайти в привилегированный режим.</span></p>\r\n<p class=\"MsoListParagraphCxSpLast\" style=\"margin-bottom: .0001pt; mso-add-space: auto; text-align: justify; text-indent: -18.0pt; line-height: normal; mso-list: l0 level1 lfo1; tab-stops: list 36.0pt;\">&nbsp;</p>\r\n<p class=\"MsoNormal\" style=\"margin-bottom: .0001pt; text-align: justify; line-height: normal;\"><span lang=\"EN-US\" style=\"font-size: 14.0pt; font-family: \'Courier New\'; mso-ansi-language: EN-US;\">Router</span><span style=\"font-size: 14.0pt; font-family: \'Courier New\';\">1&gt;</span><strong><span style=\"font-size: 14.0pt; font-family: \'Times New Roman\',serif;\">en</span></strong></p>\r\n<p class=\"MsoNormal\" style=\"margin-bottom: .0001pt; text-align: justify; line-height: normal;\"><span lang=\"EN-US\" style=\"font-size: 14.0pt; font-family: \'Courier New\'; mso-ansi-language: EN-US;\">Password</span><span style=\"font-size: 14.0pt; font-family: \'Courier New\';\">:</span><strong><span style=\"font-size: 14.0pt; font-family: \'Times New Roman\',serif;\">*****</span></strong></p>\r\n<p class=\"MsoNormal\" style=\"margin-bottom: .0001pt; text-align: justify; line-height: normal;\"><span lang=\"EN-US\" style=\"font-size: 14.0pt; font-family: \'Courier New\'; mso-ansi-language: EN-US;\">Router</span><span style=\"font-size: 14.0pt; font-family: \'Courier New\';\">1#</span></p>\r\n<p class=\"MsoNormal\" style=\"margin-bottom: .0001pt; text-align: justify; line-height: normal;\"><span style=\"font-size: 14.0pt; font-family: \'Times New Roman\',serif;\">Знаки: ***** - это ваш ввод пароля. Эти знаки на экране не видны.</span></p>\r\n<p class=\"MsoNormal\" style=\"margin-bottom: .0001pt; text-align: justify; line-height: normal;\">&nbsp;</p>\r\n<p class=\"MsoNormal\" style=\"margin-bottom: .0001pt; text-align: justify; line-height: normal;\"><strong><span style=\"font-size: 14.0pt; font-family: \'Times New Roman\',serif;\">Основные Show команды.</span></strong></p>\r\n<p class=\"MsoNormal\" style=\"margin-bottom: .0001pt; text-align: justify; line-height: normal;\"><span style=\"font-size: 14.0pt; font-family: \'Times New Roman\',serif;\">&nbsp;</span></p>\r\n<p class=\"MsoNormal\" style=\"margin-bottom: .0001pt; text-align: justify; line-height: normal;\"><span style=\"font-size: 14.0pt; font-family: \'Times New Roman\',serif;\">Перейдите в пользовательский режим командой disable. Введите команду для просмотра всех доступных show команд.</span></p>\r\n<p class=\"MsoNormal\" style=\"margin-bottom: .0001pt; text-align: justify; line-height: normal;\"><span lang=\"EN-US\" style=\"font-size: 14.0pt; font-family: \'Courier New\'; mso-ansi-language: EN-US;\">Router</span><span style=\"font-size: 14.0pt; font-family: \'Courier New\';\">1&gt;</span><strong><span style=\"font-size: 14.0pt; font-family: \'Times New Roman\',serif;\">show ?</span></strong></p>\r\n<p class=\"MsoNormal\" style=\"margin-bottom: .0001pt; text-align: justify; line-height: normal;\">&nbsp;</p>\r\n<p class=\"MsoNormal\" style=\"margin-bottom: .0001pt; text-align: justify; line-height: normal;\"><span style=\"font-size: 14.0pt; font-family: \'Times New Roman\',serif;\">1. Команда show version используется для получения типа платформы сетевого устройства, версии операционной системы, имени файла образа операционной системы, время работы системы, объём памяти, количество интерфейсов и конфигурационный регистр.</span></p>\r\n<p class=\"MsoNormal\" style=\"margin-bottom: .0001pt; text-align: justify; line-height: normal;\"><span style=\"font-size: 14.0pt; font-family: \'Times New Roman\',serif;\">&nbsp;</span></p>\r\n<p class=\"MsoNormal\" style=\"margin-bottom: .0001pt; text-align: justify; line-height: normal;\"><span style=\"font-size: 14.0pt; font-family: \'Times New Roman\',serif;\">2. Просмотр времени:</span></p>\r\n<p class=\"MsoNormal\" style=\"margin-bottom: .0001pt; text-align: justify; line-height: normal;\"><span lang=\"EN-US\" style=\"font-size: 14.0pt; font-family: \'Courier New\'; mso-ansi-language: EN-US;\">Router</span><span style=\"font-size: 14.0pt; font-family: \'Courier New\';\">1&gt;</span><strong><span style=\"font-size: 14.0pt; font-family: \'Times New Roman\',serif;\">show clock</span></strong></p>\r\n<p class=\"MsoNormal\" style=\"margin-bottom: .0001pt; text-align: justify; line-height: normal;\"><span style=\"font-size: 14.0pt; font-family: \'Times New Roman\',serif;\">&nbsp;</span></p>\r\n<p class=\"MsoNormal\" style=\"margin-bottom: .0001pt; text-align: justify; line-height: normal;\"><span style=\"font-size: 14.0pt; font-family: \'Times New Roman\',serif;\">3. Во флеш-памяти сетевого устройства сохраняется файл-образ операционной системы Cisco IOS. В отличие от оперативной памяти, в реальных устройствах флеш память сохраняет файл-образ даже при сбое питания.</span></p>\r\n<p class=\"MsoNormal\" style=\"margin-bottom: .0001pt; text-align: justify; line-height: normal;\"><span style=\"font-size: 14.0pt; font-family: \'Times New Roman\',serif;\">&nbsp;</span><span lang=\"EN-US\" style=\"font-size: 14.0pt; font-family: \'Courier New\'; mso-ansi-language: EN-US;\">Router</span><span style=\"font-size: 14.0pt; font-family: \'Courier New\';\">1&gt;</span><strong><span style=\"font-size: 14.0pt; font-family: \'Times New Roman\',serif;\">show flash</span></strong></p>\r\n<p class=\"MsoNormal\" style=\"margin-bottom: .0001pt; text-align: justify; line-height: normal;\">&nbsp;</p>\r\n<p class=\"MsoNormal\" style=\"margin-bottom: .0001pt; text-align: justify; line-height: normal;\"><span style=\"font-size: 14.0pt; font-family: \'Times New Roman\',serif;\">4. ИКС сетевого устройства по умолчанию сохраняет10 последних введенных команд</span></p>\r\n<p class=\"MsoNormal\" style=\"margin-bottom: .0001pt; text-align: justify; line-height: normal;\"><span lang=\"EN-US\" style=\"font-size: 14.0pt; font-family: \'Courier New\'; mso-ansi-language: EN-US;\">Router</span><span style=\"font-size: 14.0pt; font-family: \'Courier New\';\">1&gt;</span><strong><span style=\"font-size: 14.0pt; font-family: \'Times New Roman\',serif;\">show history</span></strong></p>\r\n<p class=\"MsoNormal\" style=\"margin-bottom: .0001pt; text-align: justify; line-height: normal;\"><span style=\"font-size: 14.0pt; font-family: \'Times New Roman\',serif;\">&nbsp;</span></p>\r\n<p class=\"MsoNormal\" style=\"margin-bottom: .0001pt; text-align: justify; line-height: normal;\"><span style=\"font-size: 14.0pt; font-family: \'Times New Roman\',serif;\">5. Две команды позволят вам вернуться к командам, введённым ранее. Нажмите на стрелку вверх или <strong>&lt;ctrl&gt; + P</strong>.</span></p>\r\n<p class=\"MsoNormal\" style=\"margin-bottom: .0001pt; text-align: justify; line-height: normal;\"><span style=\"font-size: 14.0pt; font-family: \'Times New Roman\',serif;\">6. Две команды позволят вам перейти к следующей команде, сохранённой в буфере. </span></p>\r\n<p class=\"MsoNormal\" style=\"margin-bottom: .0001pt; text-align: justify; line-height: normal;\"><span style=\"font-size: 14.0pt; font-family: \'Times New Roman\',serif;\">Нажмите на стрелку вниз или <strong>&lt;ctrl&gt; + N</strong></span></p>\r\n<p class=\"MsoNormal\" style=\"margin-bottom: .0001pt; text-align: justify; line-height: normal;\">&nbsp;</p>\r\n<p class=\"MsoNormal\" style=\"margin-bottom: .0001pt; text-align: justify; line-height: normal;\"><span style=\"font-size: 14.0pt; font-family: \'Times New Roman\',serif;\">7. Можно увидеть список хостов и&nbsp; IP-Адреса всех их&nbsp; интерфейсов</span></p>\r\n<p class=\"MsoNormal\" style=\"margin-bottom: .0001pt; text-align: justify; line-height: normal;\"><span lang=\"EN-US\" style=\"font-size: 14.0pt; font-family: \'Courier New\'; mso-ansi-language: EN-US;\">Router</span><span style=\"font-size: 14.0pt; font-family: \'Courier New\';\">1&gt;</span><strong><span style=\"font-size: 14.0pt; font-family: \'Times New Roman\',serif;\">show hosts</span></strong></p>\r\n<p class=\"MsoNormal\" style=\"margin-bottom: .0001pt; text-align: justify; line-height: normal;\"><span style=\"font-size: 14.0pt; font-family: \'Times New Roman\',serif;\">&nbsp;</span></p>\r\n<p class=\"MsoNormal\" style=\"margin-bottom: .0001pt; text-align: justify; line-height: normal;\"><span style=\"font-size: 14.0pt; font-family: \'Times New Roman\',serif;\">8. Следующая команда выведет детальную информацию о каждом интерфейсе</span></p>\r\n<p class=\"MsoNormal\" style=\"margin-bottom: .0001pt; text-align: justify; line-height: normal;\"><span lang=\"EN-US\" style=\"font-size: 14.0pt; font-family: \'Courier New\'; mso-ansi-language: EN-US;\">Router</span><span style=\"font-size: 14.0pt; font-family: \'Courier New\';\">1</span><span style=\"font-size: 14.0pt; font-family: \'Times New Roman\',serif;\">&gt;</span><strong><span lang=\"EN-US\" style=\"font-size: 14.0pt; font-family: \'Times New Roman\',serif; mso-ansi-language: EN-US;\">show</span></strong> <strong><span lang=\"EN-US\" style=\"font-size: 14.0pt; font-family: \'Times New Roman\',serif; mso-ansi-language: EN-US;\">interfaces</span></strong></p>\r\n<p class=\"MsoNormal\" style=\"margin-bottom: .0001pt; text-align: justify; line-height: normal;\"><span style=\"font-size: 14.0pt; font-family: \'Times New Roman\',serif;\">&nbsp;</span></p>\r\n<p class=\"MsoNormal\" style=\"margin-bottom: .0001pt; text-align: justify; line-height: normal;\"><span style=\"font-size: 14.0pt; font-family: \'Times New Roman\',serif;\">9. Следующая команда выведет информацию о каждой telnet сессии:</span></p>\r\n<p class=\"MsoNormal\" style=\"margin-bottom: .0001pt; text-align: justify; line-height: normal;\"><span lang=\"EN-US\" style=\"font-size: 14.0pt; font-family: \'Courier New\'; mso-ansi-language: EN-US;\">Router</span><span style=\"font-size: 14.0pt; font-family: \'Courier New\';\">1&gt;</span><strong><span lang=\"EN-US\" style=\"font-size: 14.0pt; font-family: \'Times New Roman\',serif; mso-ansi-language: EN-US;\">show</span></strong> <strong><span lang=\"EN-US\" style=\"font-size: 14.0pt; font-family: \'Times New Roman\',serif; mso-ansi-language: EN-US;\">sessions</span></strong></p>\r\n<p class=\"MsoNormal\" style=\"margin-bottom: .0001pt; text-align: justify; line-height: normal;\"><span style=\"font-size: 14.0pt; font-family: \'Times New Roman\',serif;\">&nbsp;</span></p>\r\n<p class=\"MsoNormal\" style=\"margin-bottom: .0001pt; text-align: justify; line-height: normal;\"><span style=\"font-size: 14.0pt; font-family: \'Times New Roman\',serif;\">10. Следующая команда показывает конфигурационные параметры терминала:</span></p>\r\n<p class=\"MsoNormal\" style=\"margin-bottom: .0001pt; text-align: justify; line-height: normal;\"><span lang=\"EN-US\" style=\"font-size: 14.0pt; font-family: \'Courier New\'; mso-ansi-language: EN-US;\">Router</span><span style=\"font-size: 14.0pt; font-family: \'Courier New\';\">1&gt;</span><strong><span style=\"font-size: 14.0pt; font-family: \'Times New Roman\',serif;\">show terminal</span></strong></p>\r\n<p class=\"MsoNormal\" style=\"margin-bottom: .0001pt; text-align: justify; line-height: normal;\"><span style=\"font-size: 14.0pt; font-family: \'Times New Roman\',serif;\">&nbsp;</span></p>\r\n<p class=\"MsoNormal\" style=\"margin-bottom: .0001pt; text-align: justify; line-height: normal;\"><span style=\"font-size: 14.0pt; font-family: \'Times New Roman\',serif;\">11.&nbsp; Можно увидеть список всех пользователей, подсоединённых к устройству по терминальным линиям:</span></p>\r\n<p class=\"MsoNormal\" style=\"margin-bottom: .0001pt; text-align: justify; line-height: normal;\"><span lang=\"EN-US\" style=\"font-size: 14.0pt; font-family: \'Courier New\'; mso-ansi-language: EN-US;\">Router1&gt;</span><strong><span lang=\"EN-US\" style=\"font-size: 14.0pt; font-family: \'Times New Roman\',serif; mso-ansi-language: EN-US;\">show users</span></strong></p>\r\n<p class=\"MsoNormal\" style=\"margin-bottom: .0001pt; text-align: justify; line-height: normal;\"><span lang=\"EN-US\" style=\"font-size: 14.0pt; font-family: \'Times New Roman\',serif; mso-ansi-language: EN-US;\">&nbsp;</span></p>\r\n<p class=\"MsoNormal\" style=\"margin-bottom: .0001pt; text-align: justify; line-height: normal;\"><span lang=\"EN-US\" style=\"font-size: 14.0pt; font-family: \'Times New Roman\',serif; mso-ansi-language: EN-US;\">12. </span><span style=\"font-size: 14.0pt; font-family: \'Times New Roman\',serif;\">Команда</span></p>\r\n<p class=\"MsoNormal\" style=\"margin-bottom: .0001pt; text-align: justify; line-height: normal;\"><span lang=\"EN-US\" style=\"font-size: 14.0pt; font-family: \'Courier New\'; mso-ansi-language: EN-US;\">Router1&gt;</span><strong><span lang=\"EN-US\" style=\"font-size: 14.0pt; font-family: \'Times New Roman\',serif; mso-ansi-language: EN-US;\">show controllers</span></strong></p>\r\n<p class=\"MsoNormal\" style=\"margin-bottom: .0001pt; text-align: justify; line-height: normal;\"><span style=\"font-size: 14.0pt; font-family: \'Times New Roman\',serif;\">показывает состояние контроллеров интерфейсов.</span></p>\r\n<p class=\"MsoNormal\" style=\"margin-bottom: .0001pt; text-align: justify; line-height: normal;\">&nbsp;</p>\r\n<p class=\"MsoNormal\" style=\"margin-bottom: .0001pt; text-align: justify; line-height: normal;\"><span style=\"font-size: 14.0pt; font-family: \'Times New Roman\',serif;\">&nbsp;13. Перейдём в привилегированный&nbsp;&nbsp; режим.</span></p>\r\n<p class=\"MsoNormal\" style=\"margin-bottom: .0001pt; text-align: justify; line-height: normal;\"><span lang=\"EN-US\" style=\"font-size: 14.0pt; font-family: \'Courier New\'; mso-ansi-language: EN-US;\">Router</span><span style=\"font-size: 14.0pt; font-family: \'Courier New\';\">1&gt;</span><strong><span style=\"font-size: 14.0pt; font-family: \'Times New Roman\',serif;\">en</span></strong></p>\r\n<p class=\"MsoNormal\" style=\"margin-bottom: .0001pt; text-align: justify; line-height: normal;\">&nbsp;</p>\r\n<p class=\"MsoNormal\" style=\"margin-bottom: .0001pt; text-align: justify; line-height: normal;\"><span style=\"font-size: 14.0pt; font-family: \'Times New Roman\',serif;\">14. Введите команду для просмотра всех доступных show команд.</span></p>\r\n<p class=\"MsoNormal\" style=\"margin-bottom: .0001pt; text-align: justify; line-height: normal;\"><span lang=\"EN-US\" style=\"font-size: 14.0pt; font-family: \'Courier New\'; mso-ansi-language: EN-US;\">Router</span><span style=\"font-size: 14.0pt; font-family: \'Courier New\';\">1#</span><strong><span style=\"font-size: 14.0pt; font-family: \'Times New Roman\',serif;\">show ?</span></strong></p>\r\n<p class=\"MsoNormal\" style=\"margin-bottom: .0001pt; text-align: justify; line-height: normal;\">&nbsp;</p>\r\n<p class=\"MsoNormal\" style=\"margin-bottom: .0001pt; text-align: justify; line-height: normal;\"><span style=\"font-size: 14.0pt; font-family: \'Times New Roman\',serif;\">Привилегированный&nbsp;&nbsp; режим включает в себя все <strong>show</strong> команды пользовательского режима и ряд новых.</span></p>\r\n<p class=\"MsoNormal\" style=\"margin-bottom: .0001pt; text-align: justify; line-height: normal;\"><span style=\"font-size: 14.0pt; font-family: \'Times New Roman\',serif;\">15. Посмотрим активную конфигурацию в памяти сетевого устройства. Необходим привилегированный режим. Активная конфигурация автоматически не сохраняется и будет потеряна в случае сбоя электропитания. Чтобы сохранить настройки роутера используйте следующие команды:</span></p>\r\n<p class=\"MsoNormal\" style=\"margin-bottom: .0001pt; line-height: normal;\"><span style=\"font-size: 14.0pt; font-family: \'Times New Roman\',serif;\">сохранение текущей конфигурации:</span></p>\r\n<p class=\"MsoNormal\" style=\"margin-bottom: .0001pt; line-height: normal;\"><span lang=\"EN-US\" style=\"font-size: 14.0pt; font-family: \'Courier New\'; mso-ansi-language: EN-US;\">Router#</span><strong><span lang=\"EN-US\" style=\"font-size: 14.0pt; font-family: \'Times New Roman\',serif; mso-ansi-language: EN-US;\"> write memory</span></strong></p>\r\n<p class=\"MsoNormal\" style=\"margin-bottom: .0001pt; line-height: normal;\"><span style=\"font-size: 18.6667px;\">или</span></p>\r\n<p class=\"MsoNormal\" style=\"margin-bottom: .0001pt; line-height: normal;\"><span lang=\"EN-US\" style=\"font-size: 14.0pt; font-family: \'Courier New\'; mso-ansi-language: EN-US;\">Router# </span><strong><span lang=\"EN-US\" style=\"font-size: 14.0pt; font-family: \'Times New Roman\',serif; mso-ansi-language: EN-US;\">copy run start</span></strong></p>\r\n<p class=\"MsoNormal\" style=\"margin-bottom: .0001pt; line-height: normal;\"><span style=\"font-size: 14.0pt; font-family: \'Times New Roman\',serif;\">Просмотр сохраненной конфигурации:</span></p>\r\n<p class=\"MsoNormal\" style=\"margin-bottom: .0001pt; line-height: normal;\"><span lang=\"EN-US\" style=\"font-size: 14.0pt; font-family: \'Courier New\'; mso-ansi-language: EN-US;\">Router</span><span style=\"font-size: 14.0pt; font-family: \'Courier New\';\">#</span> <strong><span lang=\"EN-US\" style=\"font-size: 14.0pt; font-family: \'Times New Roman\',serif; mso-ansi-language: EN-US;\">Show</span></strong> <strong><span lang=\"EN-US\" style=\"font-size: 14.0pt; font-family: \'Times New Roman\',serif; mso-ansi-language: EN-US;\">configuration</span></strong></p>\r\n<p class=\"MsoNormal\" style=\"margin-bottom: .0001pt; text-align: justify; line-height: normal;\"><span style=\"font-size: 14.0pt; font-family: \'Times New Roman\',serif;\">или</span></p>\r\n<p class=\"MsoNormal\" style=\"margin-bottom: .0001pt; text-align: justify; line-height: normal;\"><span lang=\"EN-US\" style=\"font-size: 14.0pt; font-family: \'Courier New\'; mso-ansi-language: EN-US;\">Router</span><span style=\"font-size: 14.0pt; font-family: \'Courier New\';\">1#</span><strong><span lang=\"EN-US\" style=\"font-size: 14.0pt; font-family: \'Times New Roman\',serif; mso-ansi-language: EN-US;\">show</span></strong> <strong><span lang=\"EN-US\" style=\"font-size: 14.0pt; font-family: \'Times New Roman\',serif; mso-ansi-language: EN-US;\">running</span></strong><strong><span style=\"font-size: 14.0pt; font-family: \'Times New Roman\',serif;\">-</span></strong><strong><span lang=\"EN-US\" style=\"font-size: 14.0pt; font-family: \'Times New Roman\',serif; mso-ansi-language: EN-US;\">config</span></strong></p>\r\n<p class=\"MsoNormal\" style=\"margin-bottom: .0001pt; text-align: justify; line-height: normal;\"><span style=\"font-size: 14.0pt; font-family: \'Times New Roman\',serif;\">В строке&nbsp; more, нажмите на клавишу&nbsp; пробел для просмотра следующей&nbsp; страницы информации.</span></p>\r\n<p class=\"MsoNormal\" style=\"margin-bottom: .0001pt; text-align: justify; line-height: normal;\">&nbsp;</p>\r\n<p class=\"MsoNormal\" style=\"margin-bottom: .0001pt; text-align: justify; line-height: normal;\"><span style=\"font-size: 14.0pt; font-family: \'Times New Roman\',serif;\">16. Следующая команда позволит вам увидеть текущее состояние протоколов </span></p>\r\n<p class=\"MsoNormal\" style=\"margin-bottom: .0001pt; text-align: justify; line-height: normal;\"><span style=\"font-size: 14.0pt; font-family: \'Times New Roman\',serif;\">третьего уровня:</span></p>\r\n<p class=\"MsoNormal\" style=\"margin-bottom: .0001pt; text-align: justify; line-height: normal;\"><span lang=\"EN-US\" style=\"font-size: 14.0pt; font-family: \'Courier New\'; mso-ansi-language: EN-US;\">Router</span><span style=\"font-size: 14.0pt; font-family: \'Courier New\';\">#</span><strong><span style=\"font-size: 14.0pt; font-family: \'Times New Roman\',serif;\">show protocols</span></strong></p>\r\n<p class=\"MsoNormal\" style=\"margin-bottom: .0001pt; text-align: justify; line-height: normal;\">&nbsp;</p>\r\n<p class=\"MsoNormal\" style=\"margin-bottom: .0001pt; text-align: justify; line-height: normal;\"><strong><span style=\"font-size: 14.0pt; font-family: \'Times New Roman\',serif;\">Введение в конфигурацию интерфейсов.</span></strong></p>\r\n<p class=\"MsoNormal\" style=\"margin-bottom: .0001pt; text-align: justify; line-height: normal;\"><span style=\"font-size: 14.0pt; font-family: \'Times New Roman\',serif;\">Рассмотрим команды настройки интерфейсов сетевого устройства.</span></p>\r\n<p class=\"MsoNormal\" style=\"margin-bottom: .0001pt; text-align: justify; line-height: normal;\"><span style=\"font-size: 14.0pt; font-family: \'Times New Roman\',serif;\">На сетевом устройстве Router1 войдём в режим конфигурации:</span></p>\r\n<p class=\"MsoNormal\" style=\"margin-bottom: .0001pt; text-align: justify; line-height: normal;\"><span style=\"font-size: 14.0pt; font-family: \'Courier New\';\">&nbsp;</span></p>\r\n<p class=\"MsoNormal\" style=\"margin-bottom: .0001pt; text-align: justify; line-height: normal;\"><span lang=\"EN-US\" style=\"font-size: 14.0pt; font-family: \'Courier New\'; mso-ansi-language: EN-US;\">Router1#</span><strong><span lang=\"EN-US\" style=\"font-size: 14.0pt; font-family: \'Times New Roman\',serif; mso-ansi-language: EN-US;\">conf&nbsp; t</span></strong></p>\r\n<p class=\"MsoNormal\" style=\"margin-bottom: .0001pt; text-align: justify; line-height: normal;\"><span lang=\"EN-US\" style=\"font-size: 14.0pt; font-family: \'Courier New\'; mso-ansi-language: EN-US;\">Router1(config)#</span></p>\r\n<p class=\"MsoNormal\" style=\"margin-bottom: .0001pt; text-align: justify; line-height: normal;\"><span lang=\"EN-US\" style=\"font-size: 14.0pt; font-family: \'Courier New\'; mso-ansi-language: EN-US;\">&nbsp;</span></p>\r\n<p class=\"MsoNormal\" style=\"margin-bottom: .0001pt; text-align: justify; line-height: normal;\"><span style=\"font-size: 14.0pt; font-family: \'Times New Roman\',serif;\">2. Теперь ми хотим настроить Ethernet интерфейс. Для этого мы должны зайти в режим конфигурации интерфейса:</span></p>\r\n<p class=\"MsoNormal\" style=\"margin-bottom: .0001pt; text-align: justify; line-height: normal;\"><span lang=\"EN-US\" style=\"font-size: 14.0pt; font-family: \'Courier New\'; mso-ansi-language: EN-US;\">Router1(config)#</span><strong><span lang=\"EN-US\" style=\"font-size: 14.0pt; font-family: \'Times New Roman\',serif; mso-ansi-language: EN-US;\">interface FastEthernet0/0</span></strong></p>\r\n<p class=\"MsoNormal\" style=\"margin-bottom: .0001pt; text-align: justify; line-height: normal;\"><span lang=\"EN-US\" style=\"font-size: 14.0pt; font-family: \'Courier New\'; mso-ansi-language: EN-US;\">Router1(config-if)#</span></p>\r\n<p class=\"MsoNormal\" style=\"margin-bottom: .0001pt; text-align: justify; line-height: normal;\"><span lang=\"EN-US\" style=\"font-size: 14.0pt; font-family: \'Times New Roman\',serif; mso-ansi-language: EN-US;\">&nbsp;</span></p>\r\n<p class=\"MsoNormal\" style=\"margin-bottom: .0001pt; text-align: justify; line-height: normal;\"><span style=\"font-size: 14.0pt; font-family: \'Times New Roman\',serif;\">3. Посмотрим все доступные в этом режиме команды:</span></p>\r\n<p class=\"MsoNormal\" style=\"margin-bottom: .0001pt; text-align: justify; line-height: normal;\"><span lang=\"EN-US\" style=\"font-size: 14.0pt; font-family: \'Courier New\'; mso-ansi-language: EN-US;\">Router</span><span style=\"font-size: 14.0pt; font-family: \'Courier New\';\">1(</span><span lang=\"EN-US\" style=\"font-size: 14.0pt; font-family: \'Courier New\'; mso-ansi-language: EN-US;\">config</span><span style=\"font-size: 14.0pt; font-family: \'Courier New\';\">-</span><span lang=\"EN-US\" style=\"font-size: 14.0pt; font-family: \'Courier New\'; mso-ansi-language: EN-US;\">if</span><span style=\"font-size: 14.0pt; font-family: \'Courier New\';\">)#</span><strong><span style=\"font-size: 14.0pt; font-family: \'Times New Roman\',serif;\">?</span></strong></p>\r\n<p class=\"MsoNormal\" style=\"margin-bottom: .0001pt; text-align: justify; line-height: normal;\"><span style=\"font-size: 14.0pt; font-family: \'Times New Roman\',serif;\">Для выхода в режим глобальной конфигурации наберите exit. Снова войдите в режим конфигурации интерфейса:</span></p>\r\n<p class=\"MsoNormal\" style=\"margin-bottom: .0001pt; text-align: justify; line-height: normal;\"><span lang=\"EN-US\" style=\"font-size: 14.0pt; font-family: \'Courier New\'; mso-ansi-language: EN-US;\">Router</span><span style=\"font-size: 14.0pt; font-family: \'Courier New\';\">1(</span><span lang=\"EN-US\" style=\"font-size: 14.0pt; font-family: \'Courier New\'; mso-ansi-language: EN-US;\">config</span><span style=\"font-size: 14.0pt; font-family: \'Courier New\';\">)#</span><strong><span style=\"font-size: 14.0pt; font-family: \'Times New Roman\',serif;\">int fa0/0</span></strong></p>\r\n<p class=\"MsoNormal\" style=\"margin-bottom: .0001pt; text-align: justify; line-height: normal;\">&nbsp;</p>\r\n<p class=\"MsoNormal\" style=\"margin-bottom: .0001pt; text-align: justify; line-height: normal;\"><span style=\"font-size: 14.0pt; font-family: \'Times New Roman\',serif;\">Мы использовали сокращенное имя интерфейса.</span></p>\r\n<p class=\"MsoNormal\" style=\"margin-bottom: .0001pt; text-align: justify; line-height: normal;\"><span style=\"font-size: 14.0pt; font-family: \'Times New Roman\',serif;\">4. Для каждой команды мы можем выполнить противоположную команду, поставивши перед ней слово no. Следующая команда включает этот интерфейс:</span></p>\r\n<p class=\"MsoNormal\" style=\"margin-bottom: .0001pt; text-align: justify; line-height: normal;\"><span lang=\"EN-US\" style=\"font-size: 14.0pt; font-family: \'Courier New\'; mso-ansi-language: EN-US;\">Router1(config-if)#</span><strong><span lang=\"EN-US\" style=\"font-size: 14.0pt; font-family: \'Times New Roman\',serif; mso-ansi-language: EN-US;\">no shutdown</span></strong></p>\r\n<p class=\"MsoNormal\" style=\"margin-bottom: .0001pt; text-align: justify; line-height: normal;\">&nbsp;</p>\r\n<p class=\"MsoNormal\" style=\"margin-bottom: .0001pt; text-align: justify; line-height: normal;\"><span lang=\"EN-US\" style=\"font-size: 14.0pt; font-family: \'Times New Roman\',serif; mso-ansi-language: EN-US;\">5. </span><span style=\"font-size: 14.0pt; font-family: \'Times New Roman\',serif;\">Добавим</span> <span style=\"font-size: 14.0pt; font-family: \'Times New Roman\',serif;\">к</span><span lang=\"EN-US\" style=\"font-size: 14.0pt; font-family: \'Times New Roman\',serif; mso-ansi-language: EN-US;\">&nbsp; </span><span style=\"font-size: 14.0pt; font-family: \'Times New Roman\',serif;\">интерфейсу</span> <span style=\"font-size: 14.0pt; font-family: \'Times New Roman\',serif;\">описание</span><span lang=\"EN-US\" style=\"font-size: 14.0pt; font-family: \'Times New Roman\',serif; mso-ansi-language: EN-US;\">:</span></p>\r\n<p class=\"MsoNormal\" style=\"margin-bottom: .0001pt; text-align: justify; line-height: normal;\"><span lang=\"EN-US\" style=\"font-size: 14.0pt; font-family: \'Courier New\'; mso-ansi-language: EN-US;\">Router1(config-if)#</span><strong><span lang=\"EN-US\" style=\"font-size: 14.0pt; font-family: \'Times New Roman\',serif; mso-ansi-language: EN-US;\">description Ethernet interface on Router 1</span></strong></p>\r\n<p class=\"MsoNormal\" style=\"margin-bottom: .0001pt; text-align: justify; line-height: normal;\"><span style=\"font-size: 14.0pt; font-family: \'Times New Roman\',serif;\">Чтобы увидеть описание этого интерфейса, перейдите в привилегированный </span></p>\r\n<p class=\"MsoNormal\" style=\"margin-bottom: .0001pt; text-align: justify; line-height: normal;\"><span style=\"font-size: 14.0pt; font-family: \'Times New Roman\',serif;\">режим и выполните команду show interface:</span></p>\r\n<p class=\"MsoNormal\" style=\"margin-bottom: .0001pt; text-align: justify; line-height: normal;\"><span lang=\"EN-US\" style=\"font-size: 14.0pt; font-family: \'Courier New\'; mso-ansi-language: EN-US;\">Router1(config-if)#</span><strong><span lang=\"EN-US\" style=\"font-size: 14.0pt; font-family: \'Times New Roman\',serif; mso-ansi-language: EN-US;\">end</span></strong></p>\r\n<p class=\"MsoNormal\" style=\"margin-bottom: .0001pt; text-align: justify; line-height: normal;\"><span lang=\"EN-US\" style=\"font-size: 14.0pt; font-family: \'Courier New\'; mso-ansi-language: EN-US;\">Router1#</span><strong><span lang=\"EN-US\" style=\"font-size: 14.0pt; font-family: \'Times New Roman\',serif; mso-ansi-language: EN-US;\">show interface</span></strong></p>\r\n<p class=\"MsoNormal\" style=\"margin-bottom: .0001pt; text-align: justify; line-height: normal;\">&nbsp;</p>\r\n<p class=\"MsoNormal\" style=\"margin-bottom: .0001pt; text-align: justify; line-height: normal;\"><span style=\"font-size: 14.0pt; font-family: \'Times New Roman\',serif;\">6. Теперь присоединитесь к сетевому устройству Router 2 и поменяйте имя его хоста на </span><span lang=\"EN-US\" style=\"font-size: 14.0pt; font-family: \'Times New Roman\',serif; mso-ansi-language: EN-US;\">Router</span><span style=\"font-size: 14.0pt; font-family: \'Times New Roman\',serif;\">2:</span></p>\r\n<p class=\"MsoNormal\" style=\"margin-bottom: .0001pt; text-align: justify; line-height: normal;\"><span lang=\"EN-US\" style=\"font-size: 14.0pt; font-family: \'Courier New\'; mso-ansi-language: EN-US;\">Router#</span><strong><span lang=\"EN-US\" style=\"font-size: 14.0pt; font-family: \'Times New Roman\',serif; mso-ansi-language: EN-US;\">conf t</span></strong></p>\r\n<p class=\"MsoNormal\" style=\"margin-bottom: .0001pt; text-align: justify; line-height: normal;\"><span lang=\"EN-US\" style=\"font-size: 14.0pt; font-family: \'Courier New\'; mso-ansi-language: EN-US;\">Router(config)#</span><strong><span lang=\"EN-US\" style=\"font-size: 14.0pt; font-family: \'Times New Roman\',serif; mso-ansi-language: EN-US;\">hostname Router2</span></strong></p>\r\n<p class=\"MsoNormal\" style=\"margin-bottom: .0001pt; text-align: justify; line-height: normal;\"><span style=\"font-size: 14.0pt; font-family: \'Times New Roman\',serif;\">Войдём</span> <span style=\"font-size: 14.0pt; font-family: \'Times New Roman\',serif;\">на</span> <span style=\"font-size: 14.0pt; font-family: \'Times New Roman\',serif;\">интерфейс</span><span lang=\"EN-US\" style=\"font-size: 14.0pt; font-family: \'Times New Roman\',serif; mso-ansi-language: EN-US;\"> FastEthernet 0/0:</span></p>\r\n<p class=\"MsoNormal\" style=\"margin-bottom: .0001pt; text-align: justify; line-height: normal;\"><span lang=\"EN-US\" style=\"font-size: 14.0pt; font-family: \'Courier New\'; mso-ansi-language: EN-US;\">Router2(config)#</span><strong><span lang=\"EN-US\" style=\"font-size: 14.0pt; font-family: \'Times New Roman\',serif; mso-ansi-language: EN-US;\">interface fa0/0</span></strong></p>\r\n<p class=\"MsoNormal\" style=\"margin-bottom: .0001pt; text-align: justify; line-height: normal;\"><span style=\"font-size: 14.0pt; font-family: \'Times New Roman\',serif;\">Включите</span> <span style=\"font-size: 14.0pt; font-family: \'Times New Roman\',serif;\">интерфейс</span><span lang=\"EN-US\" style=\"font-size: 14.0pt; font-family: \'Times New Roman\',serif; mso-ansi-language: EN-US;\">:</span></p>\r\n<p class=\"MsoNormal\" style=\"margin-bottom: .0001pt; text-align: justify; line-height: normal;\"><span lang=\"EN-US\" style=\"font-size: 14.0pt; font-family: \'Courier New\'; mso-ansi-language: EN-US;\">Router2(config-if)#</span><strong><span lang=\"EN-US\" style=\"font-size: 14.0pt; font-family: \'Times New Roman\',serif; mso-ansi-language: EN-US;\">no shutdown</span></strong></p>\r\n<p class=\"MsoNormal\" style=\"margin-bottom: .0001pt; text-align: justify; line-height: normal;\"><span style=\"font-size: 14.0pt; font-family: \'Times New Roman\',serif;\">Теперь, когда интерфейсы на двух концах нашего Ethernet соединения включены на экране появится сообщение о смене состояния интерфейса на активное.</span></p>\r\n<p class=\"MsoNormal\" style=\"margin-bottom: .0001pt; text-align: justify; line-height: normal;\">&nbsp;</p>\r\n<p class=\"MsoNormal\" style=\"margin-bottom: .0001pt; text-align: justify; line-height: normal;\"><span style=\"font-size: 14.0pt; font-family: \'Times New Roman\',serif;\">7. Перейдём к конфигурации последовательных интерфейсов. Зайдём на Router1. </span></p>\r\n<p class=\"MsoNormal\" style=\"margin-bottom: .0001pt; text-align: justify; line-height: normal;\"><span style=\"font-size: 14.0pt; font-family: \'Times New Roman\',serif;\">Проверим, каким устройством выступает наш маршрутизатор для последовательной линии связи: оконечным устройством DTE (data terminal equipment), либо устройством связи </span><span lang=\"EN-US\" style=\"font-size: 14.0pt; font-family: \'Times New Roman\',serif; mso-ansi-language: EN-US;\">DCE</span><span style=\"font-size: 14.0pt; font-family: \'Times New Roman\',serif;\"> (</span><span lang=\"EN-US\" style=\"font-size: 14.0pt; font-family: \'Times New Roman\',serif; mso-ansi-language: EN-US;\">data</span> <span lang=\"EN-US\" style=\"font-size: 14.0pt; font-family: \'Times New Roman\',serif; mso-ansi-language: EN-US;\">circuit</span><span style=\"font-size: 14.0pt; font-family: \'Times New Roman\',serif;\">):</span></p>\r\n<p class=\"MsoNormal\" style=\"margin-bottom: .0001pt; text-align: justify; line-height: normal;\"><span lang=\"EN-US\" style=\"font-size: 14.0pt; font-family: \'Courier New\'; mso-ansi-language: EN-US;\">Router1#</span><strong><span lang=\"EN-US\" style=\"font-size: 14.0pt; font-family: \'Times New Roman\',serif; mso-ansi-language: EN-US;\">show controllers fa0/1</span></strong></p>\r\n<p class=\"MsoNormal\" style=\"margin-bottom: .0001pt; text-align: justify; line-height: normal;\"><span style=\"font-size: 14.0pt; font-family: \'Times New Roman\',serif;\">Если</span> <span style=\"font-size: 14.0pt; font-family: \'Times New Roman\',serif;\">видим</span> <span style=\"font-size: 14.0pt; font-family: \'Times New Roman\',serif;\">сообщение</span><span lang=\"EN-US\" style=\"font-size: 14.0pt; font-family: \'Times New Roman\',serif; mso-ansi-language: EN-US;\">:</span></p>\r\n<p class=\"MsoNormal\" style=\"margin-bottom: .0001pt; text-align: justify; line-height: normal;\"><span lang=\"EN-US\" style=\"font-size: 14.0pt; font-family: \'Courier New\'; mso-ansi-language: EN-US;\">DCE</span> <span lang=\"EN-US\" style=\"font-size: 14.0pt; font-family: \'Courier New\'; mso-ansi-language: EN-US;\">cable</span></p>\r\n<p class=\"MsoNormal\" style=\"margin-bottom: .0001pt; text-align: justify; line-height: normal;\"><span style=\"font-size: 14.0pt; font-family: \'Times New Roman\',serif;\">то наш маршрутизатор является&nbsp; устройством связи и он должен задавать&nbsp; частоту синхронизации тактовых импульсов, используемых при передаче данных. Частота берётся из определённого ряда частот. </span></p>\r\n<p class=\"MsoNormal\" style=\"margin-bottom: .0001pt; text-align: justify; line-height: normal;\"><span lang=\"EN-US\" style=\"font-size: 14.0pt; font-family: \'Courier New\'; mso-ansi-language: EN-US;\">Router</span><span style=\"font-size: 14.0pt; font-family: \'Courier New\';\">1#</span><strong><span lang=\"EN-US\" style=\"font-size: 14.0pt; font-family: \'Times New Roman\',serif; mso-ansi-language: EN-US;\">conf</span></strong> <strong><span lang=\"EN-US\" style=\"font-size: 14.0pt; font-family: \'Times New Roman\',serif; mso-ansi-language: EN-US;\">t</span></strong></p>\r\n<p class=\"MsoNormal\" style=\"margin-bottom: .0001pt; text-align: justify; line-height: normal;\"><span lang=\"EN-US\" style=\"font-size: 14.0pt; font-family: \'Courier New\'; mso-ansi-language: EN-US;\">Router</span><span style=\"font-size: 14.0pt; font-family: \'Courier New\';\">1(</span><span lang=\"EN-US\" style=\"font-size: 14.0pt; font-family: \'Courier New\'; mso-ansi-language: EN-US;\">config</span><span style=\"font-size: 14.0pt; font-family: \'Courier New\';\">)#</span><strong><span lang=\"EN-US\" style=\"font-size: 14.0pt; font-family: \'Times New Roman\',serif; mso-ansi-language: EN-US;\">int</span></strong> <strong><span lang=\"EN-US\" style=\"font-size: 14.0pt; font-family: \'Times New Roman\',serif; mso-ansi-language: EN-US;\">fa</span></strong><strong><span style=\"font-size: 14.0pt; font-family: \'Times New Roman\',serif;\">0/1</span></strong></p>\r\n<p class=\"MsoNormal\" style=\"margin-bottom: .0001pt; text-align: justify; line-height: normal;\"><span lang=\"EN-US\" style=\"font-size: 14.0pt; font-family: \'Courier New\'; mso-ansi-language: EN-US;\">Router1(config-if)#</span><strong><span lang=\"EN-US\" style=\"font-size: 14.0pt; font-family: \'Times New Roman\',serif; mso-ansi-language: EN-US;\">clock rate ?</span></strong></p>\r\n<p class=\"MsoNormal\" style=\"margin-bottom: .0001pt; text-align: justify; line-height: normal;\"><span style=\"font-size: 14.0pt; font-family: \'Times New Roman\',serif;\">Выберем</span> <span style=\"font-size: 14.0pt; font-family: \'Times New Roman\',serif;\">частоту</span><span lang=\"EN-US\" style=\"font-size: 14.0pt; font-family: \'Times New Roman\',serif; mso-ansi-language: EN-US;\"> 64000</span></p>\r\n<p class=\"MsoNormal\" style=\"margin-bottom: .0001pt; text-align: justify; line-height: normal;\"><span lang=\"EN-US\" style=\"font-size: 14.0pt; font-family: \'Courier New\'; mso-ansi-language: EN-US;\">Router1(config-if)#</span><strong><span lang=\"EN-US\" style=\"font-size: 14.0pt; font-family: \'Times New Roman\',serif; mso-ansi-language: EN-US;\">clock rate 64000</span></strong></p>\r\n<p class=\"MsoNormal\" style=\"margin-bottom: .0001pt; text-align: justify; line-height: normal;\"><span style=\"font-size: 14.0pt; font-family: \'Times New Roman\',serif;\">и</span> <span style=\"font-size: 14.0pt; font-family: \'Times New Roman\',serif;\">включаем</span> <span style=\"font-size: 14.0pt; font-family: \'Times New Roman\',serif;\">интерфейс</span></p>\r\n<p><span lang=\"EN-US\" style=\"font-size: 14.0pt; line-height: 115%; font-family: \'Courier New\'; mso-fareast-font-family: \'Times New Roman\'; mso-ansi-language: EN-US; mso-fareast-language: RU; mso-bidi-language: AR-SA;\">Router1(config-if)#</span><strong><span lang=\"EN-US\" style=\"font-size: 14.0pt; line-height: 115%; font-family: \'Times New Roman\',serif; mso-fareast-font-family: \'Times New Roman\'; mso-ansi-language: EN-US; mso-fareast-language: RU; mso-bidi-language: AR-SA;\">no shut</span></strong></p>', 'theories\\May2019\\sslUof7ts9ztJiTqc2zP.PNG', '2019-05-12 14:55:00', '2019-05-12 15:02:24');
INSERT INTO `theories` (`id`, `name`, `description`, `body`, `image`, `created_at`, `updated_at`) VALUES
(3, 'Загрузка Cisco Packet Tracer', 'В данном теоретическом материале будут описаны этапы загрузки программного обеспечения Cisco Packet Tracer', '<p><strong>Cisco Packet Tracer</strong> &mdash; это мощная программа моделирования сетей, которая позволяет студентам экспериментировать с поведением сети и оценивать возможные сценарии развития событий. Этот инструмент дополняет физическое оборудование класса, позволяя студентам создавать сети с практически неограниченным количеством устройств, и помогает получить практические навыки конфигурирования, поиска и устранения проблем и обнаружения устройств.</p>\r\n<p>Для загрузки программного продукта, необходимо перейти на сайт&nbsp;<a href=\"https://www.netacad.com/\">https://www.netacad.com/</a></p>\r\n<p><img class=\"img-fluid\" src=\"http://vkr.loc/storage/theories/May2019/11.PNG\" alt=\"\" /></p>\r\n<p>&nbsp;</p>\r\n<p>Нажать на кнопку \"Авторизоваться\", после чего выполнить вход в свой аккаунт. Далее в меню переходим на вкладку \"Ресурсы\" и выбирыем \"Загрузить Packet Tracer\".</p>\r\n<p><img class=\"img-fluid\" src=\"http://vkr.loc/storage/theories/May2019/12.PNG\" alt=\"\" /></p>\r\n<p>&nbsp;</p>\r\n<p>На странице загрузки выбираем <span style=\"text-decoration: underline;\">тип операционной системы</span> и скачиваем программный продукт.</p>', 'theories\\May2019\\CTjN2BRzysudxCQ7MJjS.PNG', '2019-05-13 09:51:54', '2019-05-13 09:51:54');

-- --------------------------------------------------------

--
-- Структура таблицы `translations`
--

CREATE TABLE `translations` (
  `id` int(10) UNSIGNED NOT NULL,
  `table_name` varchar(191) COLLATE utf8mb4_unicode_ci NOT NULL,
  `column_name` varchar(191) COLLATE utf8mb4_unicode_ci NOT NULL,
  `foreign_key` int(10) UNSIGNED NOT NULL,
  `locale` varchar(191) COLLATE utf8mb4_unicode_ci NOT NULL,
  `value` text COLLATE utf8mb4_unicode_ci NOT NULL,
  `created_at` timestamp NULL DEFAULT NULL,
  `updated_at` timestamp NULL DEFAULT NULL
) ENGINE=InnoDB DEFAULT CHARSET=utf8mb4 COLLATE=utf8mb4_unicode_ci;

-- --------------------------------------------------------

--
-- Структура таблицы `users`
--

CREATE TABLE `users` (
  `id` int(10) UNSIGNED NOT NULL,
  `role_id` bigint(20) UNSIGNED DEFAULT NULL,
  `name` varchar(191) COLLATE utf8mb4_unicode_ci NOT NULL,
  `email` varchar(191) COLLATE utf8mb4_unicode_ci NOT NULL,
  `email_verified_at` timestamp NULL DEFAULT NULL,
  `phone` varchar(191) COLLATE utf8mb4_unicode_ci DEFAULT NULL,
  `avatar` varchar(191) COLLATE utf8mb4_unicode_ci NOT NULL DEFAULT 'avatars/NoPhotoExecutor.png',
  `group_id` int(10) UNSIGNED DEFAULT NULL,
  `password` varchar(191) COLLATE utf8mb4_unicode_ci NOT NULL,
  `remember_token` varchar(100) COLLATE utf8mb4_unicode_ci DEFAULT NULL,
  `settings` text COLLATE utf8mb4_unicode_ci,
  `created_at` timestamp NULL DEFAULT NULL,
  `updated_at` timestamp NULL DEFAULT NULL,
  `city` varchar(191) COLLATE utf8mb4_unicode_ci NOT NULL DEFAULT '',
  `status` varchar(150) COLLATE utf8mb4_unicode_ci NOT NULL DEFAULT '',
  `vk` varchar(191) COLLATE utf8mb4_unicode_ci NOT NULL DEFAULT '',
  `facebook` varchar(191) COLLATE utf8mb4_unicode_ci NOT NULL DEFAULT ''
) ENGINE=InnoDB DEFAULT CHARSET=utf8mb4 COLLATE=utf8mb4_unicode_ci;

--
-- Дамп данных таблицы `users`
--

INSERT INTO `users` (`id`, `role_id`, `name`, `email`, `email_verified_at`, `phone`, `avatar`, `group_id`, `password`, `remember_token`, `settings`, `created_at`, `updated_at`, `city`, `status`, `vk`, `facebook`) VALUES
(1, 1, 'Гиллязанов Руслан Сергеевич', 'w3mmr@yandex.ru', NULL, '+7 (977) 838 20-14', 'avatars/SjG7GJ2I8ynx28GUUtBGWEzs7h7g1UMHhkP5IYsH.jpeg', 1, '$2y$10$02NpMupTF/SCSxfUD7wes.iPgzfsYIUrjgvSFG3hAd727S7xgzawG', 'ouHDNVfM9bxTUenUriWOLnIyhY5HWC5BVlJZzOH81mwUYy3kYibwkgE89iBA', '{\"locale\":\"ru\"}', '2019-03-10 14:34:55', '2019-04-09 18:31:19', 'Москва', 'Делаю диплом :)', 'https://vk.com/ruslangillyazanov', 'https://facebook.com/username'),
(2, 2, 'Фатеев Илья Николаевич', 'w3mmr2@yandex.ru', NULL, NULL, 'avatars/NoPhotoExecutor.png', 1, '$2y$10$QVfjKtKUpTsNn8ORVSfe3OL68P2xFSRHDYLQBoEldCv2B1BX.ih3i', 'ls5PzgwBNXKRqQ930LsovqD9Obg1wu7XS9Pmb8Fg4yMzUPQoL6Y0dZxsi8CB', NULL, '2019-03-28 12:02:46', '2019-03-28 12:02:46', '', '', '', ''),
(9, 2, 'Полезин Александр Васильевич', 'w3mmr123@yandex.ru', NULL, '8 (932) 763-97-46', 'avatars/NoPhotoExecutor.png', 1, '$2y$10$845L8WcgSTBdWJHjqsBgYeW4MB4.K/t4dSQwAIm1848uMGR0MH30u', 'WOmJBqmMnJXZMyyh8LUMp8wbnTJiJRJG4Zh50760CCdkES8FDsCWU9bXRPpC', NULL, '2019-03-28 18:36:49', '2019-03-28 18:36:49', '', '', '', ''),
(11, 2, 'Секунова Алевтина Алексеевна', 'test1@mail.ru', NULL, '8 (946) 779-54-63', 'avatars/NoPhotoExecutor.png', 1, '$2y$10$.mIUBxYhJcf0SYQdwO1oMON6ADpHynqTPLbbZVlxxcVQA560xGWUq', 'xadPIhEl6onUDJVlpswDwnS1k34lvTuc6GEymbIw3BiAoryQcHN2lMVCf4Ii', NULL, '2019-05-23 09:09:01', '2019-05-23 09:09:01', '', '', '', ''),
(12, 2, 'Ичёткин Епифан Вадимович', 'test2@yandex.ru', NULL, '8 (931) 433-63-62', 'avatars/xTzV5qor53wA4hhdGLImXp5864huuWRwM8bWVwDw.png', 1, '$2y$10$ErSa21.uM9r8SDoT0y4IFuqlQammi4g8E7XI7helaDF6R5peqLYdS', 'zRw2pJFjeOGQdmBqXsGCYGzPqyZlOTVWvieidj42KBDBFd9UJjbH6igcZXNr', NULL, '2019-05-23 09:09:38', '2019-05-23 09:09:59', '', '', '', ''),
(13, 2, 'Максимова Инга Кирилловна', 'test3@yandex.ru', NULL, '8 (956) 254-77-97', 'avatars/N8t0JXkkPNyYbb12qyT10rWV0pHVTBpRbyo1IE5e.png', 1, '$2y$10$zlLbaMgjXtGndv1gNgQ7dOWwAf8sALgGUBLU72EMCEjMYr6IoDuFm', 'ltIvxJS7quxsNPfQJFXy0t69PKXz7a0GsWl3wcKubSafH8r3vZlI2WO9fWLx', NULL, '2019-05-23 09:10:26', '2019-05-23 09:10:36', '', '', '', ''),
(14, 2, 'Филиппов Арам Геннадиевич', 'test4@yandex.ru', NULL, '8 (953) 426-51-50', 'avatars/NoPhotoExecutor.png', 1, '$2y$10$uD0MzkPI52lkLYCRW4cZculhAHiA5KOZyoh2/d7iuwRLPTF8wijBm', 'C5uVRURUVSxM1dF6DUWLbbdPSvLAlYchSAjcohpJXjDh2cwwafRevYcDoAas', NULL, '2019-05-23 09:11:07', '2019-05-23 09:11:08', '', '', '', ''),
(15, 2, 'Ичёткин Никита Владимирович', 'test6@yandex.ru', NULL, '8 (946) 688-91-40', 'avatars/gMdzBSpntwl2bM80OROwlL0Voad2U0fh49Tc0x9T.png', 1, '$2y$10$acr4GNMrz4GRwmzxqEymcO2YY0yn8w7ldrXEsz9HrtEdPzIP7gqy2', 'mKyPQoJy06wcG4lcmGQvfE7gvjaZrR6bSb0wj1p8hIidbrb6DQYjUHSLRH0Z', NULL, '2019-05-23 09:16:09', '2019-05-23 09:16:49', '', '', '', ''),
(16, 2, 'Семёнов Панфил Валентинович', 'test7@yandex.ru', NULL, '8 (902) 979-15-46', 'avatars/9dyeL5lCaitQyYIQfUnSyTcirko6qttfMa2L90qv.png', 1, '$2y$10$52GA8EbygBbxT8pOH6d8j.Jax2AoCbV3b2dbrXnhQAZ7g3GGYvvIW', 'wfUr4ghpOauzzGFKp7HDihMCh3TSiB8oAAIVqsPSO5b4C8Z8vNXLqlfwX47v', NULL, '2019-05-23 09:17:17', '2019-05-23 09:19:01', '', '', '', ''),
(17, 2, 'Баженов Эмиль Юрьевич', 'test8@yandex.ru', NULL, '8 (949) 994-50-17', 'avatars/phdctTYcvuoMngEB35T6PIkIdgxJgpGYr7F4AC4M.png', 1, '$2y$10$XCAahxbwGPlKaoSSj153beuhKaR0yj4lMyKwHwaW34TQhPNl5i6dq', 'CQO5TjU5F8HElaWe0Sc3fMCh2Vn0mYKBuSdmcgVH32Ks11q71gEKzbNKpGkM', NULL, '2019-05-23 09:19:39', '2019-05-23 09:19:46', '', '', '', ''),
(18, 2, 'Львов Пимен Андреевич', 'test9@yandex.ru', NULL, '8 (920) 450-72-89', 'avatars/o3ZCEKh8zADJcPQpwCzL1WcPnqcyeBCf67b3uZc2.png', 1, '$2y$10$4cc2Rm6tP6GqZDhDwMhI.e8T/99tQh15gwowza.88SO7gFLDcxA2C', 'nHaqDl7rzxDVNCvlLVENzNAZNrFzf0Ll85LRSpVQARWyMoG1EDfGX6VkdXYw', NULL, '2019-05-23 09:20:20', '2019-05-23 09:20:30', '', '', '', ''),
(19, 2, 'Арсеньев Архип Федорович', 'test10@yandex.ru', NULL, '8 (937) 660-48-98', 'avatars/XPTsmF4kikfg7Lmwo1zFrMiGidRWb6gaYXMFQPOE.png', 1, '$2y$10$PqzTwod09vmi5HlKtzD9O.M9P3CowZtO9ivCUnIXQkD7zPu70Q6/6', 'vENf5sRcvV0Dli4KqgheXe35RJL4cbQ5hxwGfEuZ3NayR7FFPWXZPkSqfRu2', NULL, '2019-05-23 09:20:57', '2019-05-23 09:21:11', '', '', '', ''),
(20, 2, 'Николаева Юлия Сергеевна', 'test11@yandex.ru', NULL, '8 (938) 640-45-53', 'avatars/roJZx0kLDUwYOG5bYTDuoSHIBUgiAGqmA8yFT1zN.png', 2, '$2y$10$nTgW0YMxw7G3TiPLGNm9wug.PHnDFLedQokKbJ.5XWOg7wmBDbfzm', 'PjrU7MaCYQQlawiM4OKwTOs7OrAdseC0qhFS6fDsa7iioCJYdvEAASnpEpUJ', NULL, '2019-05-23 09:26:15', '2019-05-23 09:26:25', '', '', '', ''),
(21, 2, 'Козлов Виктор Николаевич', 'test12@yandex.ru', NULL, '8 (918) 438-42-78', 'avatars/xyTr0RvdV01q2V4OWwZnZaLO95uJVpYEY5DA14XX.png', 2, '$2y$10$0RijO/kPsEslFiQ5tlklj.x0Io/E3Ugvm.RR3YUt7cNhkeSb6sI9m', 'SJDCDMLOcA6mH3ovvNJ2725FyETjMt0luVqS76rORQqUXoOeRnozQn7O8fxv', NULL, '2019-05-23 09:26:49', '2019-05-23 09:26:54', '', '', '', ''),
(22, 2, 'Муравьев Савватий Егорович', 'test13@yandex.ru', NULL, '8 (957) 793-38-52', 'avatars/13ZJHgnFgQkeBX1V3HlacgDqM5ot9GLzdKoBRAbe.png', 2, '$2y$10$BYarBMCVf8e9LVVwf/cfWeue56KqiG64fz8M1K4Dj7wm9ytu5zKJ6', 'juJw6XfkxJ5Xi9sWw3BLCh1cDAKbw5X4gCYTFDWSFwzZ1bl3qXkEjnGmeBbA', NULL, '2019-05-23 09:27:17', '2019-05-23 09:27:22', '', '', '', ''),
(23, 2, 'Изофатов Корнил Георгиевич', 'test14@yandex.ru', NULL, '8 (959) 943-19-28', 'avatars/jqV7DlVGo3WF0IVqeLBOtAufJPkKTB7GAFqmCtmj.png', 2, '$2y$10$bNqFeGm961t20aiwcVFMte4V2.9ioFQZ35sOD3jZLpMKTfM2aTi9W', 'qpnriW6li7bY0YsliCuvEXH9VDVDy5YiO1D0hwamsE2QY1D6NMeBhce6SbcM', NULL, '2019-05-23 09:27:46', '2019-05-23 09:28:05', '', '', '', ''),
(24, 2, 'Сидорова Дина Владиславовна', 'test15@yandex.ru', NULL, '8 (941) 825-49-66', 'avatars/ExWvSKV89YZU8Rq9UtEyZ6oSixLw6zmP7viA2312.png', 2, '$2y$10$eKUnsP3UsOsByXcISJ77ouGItPgD4LyfcMUM4NyeAH0Azr/TscE6G', 'MsHjDNN3ASEGKRKWg3tQ2VoOuW99MBkJSBMP0RC5GfxKagHiDjyNVsct7iMN', NULL, '2019-05-23 09:28:32', '2019-05-23 09:28:37', '', '', '', ''),
(25, 2, 'Львов Ираклий Эдуардович', 'test16@yandex.ru', NULL, '8 (909) 428-70-59', 'avatars/TFY5eSnakH8khyABWzUQtgQaf6CFTH0COZglGyJh.png', 2, '$2y$10$tpQEYtVYyO0Rm7dmgVYsYeGSYdZtZwf89KUn5x78XMPVH7JIOegX.', '98RI6y9YI2KrGhrqNIyoZ5xakGkuAspZKPov28cCtq0t0JcgEjnvdEdTUQVJ', NULL, '2019-05-23 09:29:01', '2019-05-23 09:29:07', '', '', '', ''),
(26, 2, 'Кулагина Клара Борисовна', 'test17@yandex.ru', NULL, '8 (960) 503-62-77', 'avatars/FfyIaBpxSE5UjAtRlEdj9gwgQUg5sMRtE1wj1Do8.png', 2, '$2y$10$v2Lnroc58zqIYM2oXfbrJ.aZaBUeQnZTCWm3ioaIJieSe8pW5LPky', 'dB0C4anEZrO0id1Y5orG2Fk9p2NDn04T6n5Ubnpmo3Z3RisveZEJnatllCqp', NULL, '2019-05-23 09:29:36', '2019-05-23 09:29:41', '', '', '', ''),
(27, 2, 'Ахметзянов Аристарх Петрович', 'test18@yandex.ru', NULL, '8 (953) 623-88-37', 'avatars/ZTLZ797m4qJSJP0wGtM36U1V8RLqjUBSVrH1dBMG.png', 2, '$2y$10$Pd0w.nWYeKBO3/Dj3TW3NuroSzVowjRERFRnx8/8hCPC6PC4HQKeG', 'wrNmwahIbzD10Ql2A0R5GsaShAA5nGg7taNa9RqzMCyOj2rXYTEkAViq6jKk', NULL, '2019-05-23 09:30:05', '2019-05-23 09:30:09', '', '', '', ''),
(28, 2, 'Игнатьева Розалия Леонидовна', 'test20@yandex.ru', NULL, '8 (916) 489-44-36', 'avatars/9gVmJ9HwyhJdjC3e7EuB0f8r3IAf9QEDYbK87VST.png', 2, '$2y$10$beucXE7IImDwEall9xkL/ugGtLqzC8mCBxw7xjfPHj0TCs54L1E5.', 'dkU18v0Q7afsLDgy26Vwi04f4KHzQTKuTMUHrbWFNF2d8pJ39skWCSzvLrZP', NULL, '2019-05-23 09:30:34', '2019-05-23 09:30:39', '', '', '', ''),
(29, 3, 'Васильев Игорь Олегович', 'test01@yandex.ru', NULL, '8 (987) 610 56-26', 'avatars/Db1cageQJxCYqNEP8FBAlk1dEkBrwLhZVdFl0jRO.jpeg', 1, '$2y$10$So7TOCA0JN1AR8z13IeY.uJxa2npZ9XkbKYXBEKSVBZH3HSQMMYny', 'tvixdhMbcS1tfKQp6a8ewpQW1W2iK8LniOz7fjPK0F7fZhQsIz4EGmxlm5ud', '{\"locale\":\"ru\"}', '2019-05-23 12:42:53', '2019-05-23 13:06:09', '', '', '', '');

-- --------------------------------------------------------

--
-- Структура таблицы `user_answer`
--

CREATE TABLE `user_answer` (
  `id` int(10) UNSIGNED NOT NULL,
  `user_id` int(10) UNSIGNED DEFAULT NULL,
  `task_id` int(10) UNSIGNED DEFAULT NULL,
  `question_id` int(10) UNSIGNED DEFAULT NULL,
  `answer_id` int(10) UNSIGNED DEFAULT NULL
) ENGINE=InnoDB DEFAULT CHARSET=utf8mb4 COLLATE=utf8mb4_unicode_ci;

--
-- Дамп данных таблицы `user_answer`
--

INSERT INTO `user_answer` (`id`, `user_id`, `task_id`, `question_id`, `answer_id`) VALUES
(22, 16, 3, 8, 27),
(23, 16, 3, 9, 30),
(24, 16, 3, 10, 38),
(25, 16, 3, 11, 43),
(26, 16, 3, 12, 50),
(27, 16, 3, 13, 52),
(28, 16, 3, 14, 57),
(29, 16, 3, 15, 60),
(30, 16, 3, 16, 63),
(31, 16, 3, 17, 67);

-- --------------------------------------------------------

--
-- Структура таблицы `user_roles`
--

CREATE TABLE `user_roles` (
  `user_id` int(10) UNSIGNED NOT NULL,
  `role_id` bigint(20) UNSIGNED NOT NULL
) ENGINE=InnoDB DEFAULT CHARSET=utf8mb4 COLLATE=utf8mb4_unicode_ci;

--
-- Дамп данных таблицы `user_roles`
--

INSERT INTO `user_roles` (`user_id`, `role_id`) VALUES
(1, 1),
(1, 2);

--
-- Индексы сохранённых таблиц
--

--
-- Индексы таблицы `answers`
--
ALTER TABLE `answers`
  ADD PRIMARY KEY (`id`);

--
-- Индексы таблицы `comments`
--
ALTER TABLE `comments`
  ADD PRIMARY KEY (`id`),
  ADD KEY `comments_practical_id_index` (`practical_id`),
  ADD KEY `comments_user_id_index` (`user_id`),
  ADD KEY `comments_practical_user_id_index` (`practical_user_id`),
  ADD KEY `comments_theory_id_index` (`theory_id`);

--
-- Индексы таблицы `data_rows`
--
ALTER TABLE `data_rows`
  ADD PRIMARY KEY (`id`),
  ADD KEY `data_rows_data_type_id_foreign` (`data_type_id`);

--
-- Индексы таблицы `data_types`
--
ALTER TABLE `data_types`
  ADD PRIMARY KEY (`id`),
  ADD UNIQUE KEY `data_types_name_unique` (`name`),
  ADD UNIQUE KEY `data_types_slug_unique` (`slug`);

--
-- Индексы таблицы `feedbacks`
--
ALTER TABLE `feedbacks`
  ADD PRIMARY KEY (`id`),
  ADD KEY `feedbacks_user_id_index` (`user_id`);

--
-- Индексы таблицы `groups`
--
ALTER TABLE `groups`
  ADD PRIMARY KEY (`id`),
  ADD KEY `groups_program_id_index` (`program_id`);

--
-- Индексы таблицы `group_practical`
--
ALTER TABLE `group_practical`
  ADD PRIMARY KEY (`id`),
  ADD KEY `group_practical_group_id_index` (`group_id`),
  ADD KEY `group_practical_practical_id_index` (`practical_id`);

--
-- Индексы таблицы `group_task`
--
ALTER TABLE `group_task`
  ADD PRIMARY KEY (`id`),
  ADD KEY `group_task_group_id_index` (`group_id`),
  ADD KEY `group_task_task_id_index` (`task_id`);

--
-- Индексы таблицы `group_user`
--
ALTER TABLE `group_user`
  ADD PRIMARY KEY (`id`),
  ADD KEY `group_user_group_id_index` (`group_id`),
  ADD KEY `group_user_user_id_index` (`user_id`);

--
-- Индексы таблицы `menus`
--
ALTER TABLE `menus`
  ADD PRIMARY KEY (`id`),
  ADD UNIQUE KEY `menus_name_unique` (`name`);

--
-- Индексы таблицы `menu_items`
--
ALTER TABLE `menu_items`
  ADD PRIMARY KEY (`id`),
  ADD KEY `menu_items_menu_id_foreign` (`menu_id`);

--
-- Индексы таблицы `migrations`
--
ALTER TABLE `migrations`
  ADD PRIMARY KEY (`id`);

--
-- Индексы таблицы `notices`
--
ALTER TABLE `notices`
  ADD PRIMARY KEY (`id`),
  ADD KEY `notices_user_id_index` (`user_id`);

--
-- Индексы таблицы `password_resets`
--
ALTER TABLE `password_resets`
  ADD KEY `password_resets_email_index` (`email`);

--
-- Индексы таблицы `permissions`
--
ALTER TABLE `permissions`
  ADD PRIMARY KEY (`id`),
  ADD KEY `permissions_key_index` (`key`);

--
-- Индексы таблицы `permission_role`
--
ALTER TABLE `permission_role`
  ADD PRIMARY KEY (`permission_id`,`role_id`),
  ADD KEY `permission_role_permission_id_index` (`permission_id`),
  ADD KEY `permission_role_role_id_index` (`role_id`);

--
-- Индексы таблицы `practicals`
--
ALTER TABLE `practicals`
  ADD PRIMARY KEY (`id`),
  ADD KEY `practicals_user_id_index` (`user_id`);

--
-- Индексы таблицы `practical_user`
--
ALTER TABLE `practical_user`
  ADD PRIMARY KEY (`id`),
  ADD KEY `practical_user_practical_id_index` (`practical_id`),
  ADD KEY `practical_user_user_id_index` (`user_id`),
  ADD KEY `practical_user_score_id_index` (`score_id`);

--
-- Индексы таблицы `programs`
--
ALTER TABLE `programs`
  ADD PRIMARY KEY (`id`);

--
-- Индексы таблицы `questions`
--
ALTER TABLE `questions`
  ADD PRIMARY KEY (`id`),
  ADD KEY `questions_true_answer_index` (`true_answer`);

--
-- Индексы таблицы `question_answer`
--
ALTER TABLE `question_answer`
  ADD PRIMARY KEY (`id`),
  ADD KEY `question_answer_question_id_index` (`question_id`),
  ADD KEY `question_answer_answer_id_index` (`answer_id`);

--
-- Индексы таблицы `roles`
--
ALTER TABLE `roles`
  ADD PRIMARY KEY (`id`),
  ADD UNIQUE KEY `roles_name_unique` (`name`);

--
-- Индексы таблицы `scores`
--
ALTER TABLE `scores`
  ADD PRIMARY KEY (`id`);

--
-- Индексы таблицы `settings`
--
ALTER TABLE `settings`
  ADD PRIMARY KEY (`id`),
  ADD UNIQUE KEY `settings_key_unique` (`key`);

--
-- Индексы таблицы `tasks`
--
ALTER TABLE `tasks`
  ADD PRIMARY KEY (`id`);

--
-- Индексы таблицы `task_question`
--
ALTER TABLE `task_question`
  ADD PRIMARY KEY (`id`),
  ADD KEY `task_question_task_id_index` (`task_id`),
  ADD KEY `task_question_question_id_index` (`question_id`);

--
-- Индексы таблицы `theories`
--
ALTER TABLE `theories`
  ADD PRIMARY KEY (`id`);

--
-- Индексы таблицы `translations`
--
ALTER TABLE `translations`
  ADD PRIMARY KEY (`id`),
  ADD UNIQUE KEY `translations_table_name_column_name_foreign_key_locale_unique` (`table_name`,`column_name`,`foreign_key`,`locale`);

--
-- Индексы таблицы `users`
--
ALTER TABLE `users`
  ADD PRIMARY KEY (`id`),
  ADD UNIQUE KEY `users_email_unique` (`email`),
  ADD KEY `users_group_id_index` (`group_id`),
  ADD KEY `users_role_id_foreign` (`role_id`);

--
-- Индексы таблицы `user_answer`
--
ALTER TABLE `user_answer`
  ADD PRIMARY KEY (`id`),
  ADD KEY `user_answer_user_id_index` (`user_id`),
  ADD KEY `user_answer_answer_id_index` (`answer_id`),
  ADD KEY `user_answer_task_id_index` (`task_id`),
  ADD KEY `user_answer_question_id_index` (`question_id`);

--
-- Индексы таблицы `user_roles`
--
ALTER TABLE `user_roles`
  ADD PRIMARY KEY (`user_id`,`role_id`),
  ADD KEY `user_roles_user_id_index` (`user_id`),
  ADD KEY `user_roles_role_id_index` (`role_id`);

--
-- AUTO_INCREMENT для сохранённых таблиц
--

--
-- AUTO_INCREMENT для таблицы `answers`
--
ALTER TABLE `answers`
  MODIFY `id` int(10) UNSIGNED NOT NULL AUTO_INCREMENT, AUTO_INCREMENT=299;

--
-- AUTO_INCREMENT для таблицы `comments`
--
ALTER TABLE `comments`
  MODIFY `id` int(10) UNSIGNED NOT NULL AUTO_INCREMENT, AUTO_INCREMENT=51;

--
-- AUTO_INCREMENT для таблицы `data_rows`
--
ALTER TABLE `data_rows`
  MODIFY `id` int(10) UNSIGNED NOT NULL AUTO_INCREMENT, AUTO_INCREMENT=169;

--
-- AUTO_INCREMENT для таблицы `data_types`
--
ALTER TABLE `data_types`
  MODIFY `id` int(10) UNSIGNED NOT NULL AUTO_INCREMENT, AUTO_INCREMENT=26;

--
-- AUTO_INCREMENT для таблицы `feedbacks`
--
ALTER TABLE `feedbacks`
  MODIFY `id` int(10) UNSIGNED NOT NULL AUTO_INCREMENT, AUTO_INCREMENT=2;

--
-- AUTO_INCREMENT для таблицы `groups`
--
ALTER TABLE `groups`
  MODIFY `id` int(10) UNSIGNED NOT NULL AUTO_INCREMENT, AUTO_INCREMENT=6;

--
-- AUTO_INCREMENT для таблицы `group_practical`
--
ALTER TABLE `group_practical`
  MODIFY `id` int(10) UNSIGNED NOT NULL AUTO_INCREMENT, AUTO_INCREMENT=17;

--
-- AUTO_INCREMENT для таблицы `group_task`
--
ALTER TABLE `group_task`
  MODIFY `id` int(10) UNSIGNED NOT NULL AUTO_INCREMENT, AUTO_INCREMENT=11;

--
-- AUTO_INCREMENT для таблицы `group_user`
--
ALTER TABLE `group_user`
  MODIFY `id` int(10) UNSIGNED NOT NULL AUTO_INCREMENT, AUTO_INCREMENT=6;

--
-- AUTO_INCREMENT для таблицы `menus`
--
ALTER TABLE `menus`
  MODIFY `id` int(10) UNSIGNED NOT NULL AUTO_INCREMENT, AUTO_INCREMENT=2;

--
-- AUTO_INCREMENT для таблицы `menu_items`
--
ALTER TABLE `menu_items`
  MODIFY `id` int(10) UNSIGNED NOT NULL AUTO_INCREMENT, AUTO_INCREMENT=36;

--
-- AUTO_INCREMENT для таблицы `migrations`
--
ALTER TABLE `migrations`
  MODIFY `id` int(10) UNSIGNED NOT NULL AUTO_INCREMENT, AUTO_INCREMENT=69;

--
-- AUTO_INCREMENT для таблицы `notices`
--
ALTER TABLE `notices`
  MODIFY `id` int(10) UNSIGNED NOT NULL AUTO_INCREMENT, AUTO_INCREMENT=22;

--
-- AUTO_INCREMENT для таблицы `permissions`
--
ALTER TABLE `permissions`
  MODIFY `id` bigint(20) UNSIGNED NOT NULL AUTO_INCREMENT, AUTO_INCREMENT=137;

--
-- AUTO_INCREMENT для таблицы `practicals`
--
ALTER TABLE `practicals`
  MODIFY `id` int(10) UNSIGNED NOT NULL AUTO_INCREMENT, AUTO_INCREMENT=22;

--
-- AUTO_INCREMENT для таблицы `practical_user`
--
ALTER TABLE `practical_user`
  MODIFY `id` int(10) UNSIGNED NOT NULL AUTO_INCREMENT, AUTO_INCREMENT=32;

--
-- AUTO_INCREMENT для таблицы `programs`
--
ALTER TABLE `programs`
  MODIFY `id` int(10) UNSIGNED NOT NULL AUTO_INCREMENT, AUTO_INCREMENT=6;

--
-- AUTO_INCREMENT для таблицы `questions`
--
ALTER TABLE `questions`
  MODIFY `id` int(10) UNSIGNED NOT NULL AUTO_INCREMENT, AUTO_INCREMENT=78;

--
-- AUTO_INCREMENT для таблицы `question_answer`
--
ALTER TABLE `question_answer`
  MODIFY `id` int(10) UNSIGNED NOT NULL AUTO_INCREMENT, AUTO_INCREMENT=310;

--
-- AUTO_INCREMENT для таблицы `roles`
--
ALTER TABLE `roles`
  MODIFY `id` bigint(20) UNSIGNED NOT NULL AUTO_INCREMENT, AUTO_INCREMENT=4;

--
-- AUTO_INCREMENT для таблицы `scores`
--
ALTER TABLE `scores`
  MODIFY `id` int(10) UNSIGNED NOT NULL AUTO_INCREMENT, AUTO_INCREMENT=7;

--
-- AUTO_INCREMENT для таблицы `settings`
--
ALTER TABLE `settings`
  MODIFY `id` int(10) UNSIGNED NOT NULL AUTO_INCREMENT, AUTO_INCREMENT=10;

--
-- AUTO_INCREMENT для таблицы `tasks`
--
ALTER TABLE `tasks`
  MODIFY `id` int(10) UNSIGNED NOT NULL AUTO_INCREMENT, AUTO_INCREMENT=11;

--
-- AUTO_INCREMENT для таблицы `task_question`
--
ALTER TABLE `task_question`
  MODIFY `id` int(10) UNSIGNED NOT NULL AUTO_INCREMENT, AUTO_INCREMENT=76;

--
-- AUTO_INCREMENT для таблицы `theories`
--
ALTER TABLE `theories`
  MODIFY `id` int(10) UNSIGNED NOT NULL AUTO_INCREMENT, AUTO_INCREMENT=4;

--
-- AUTO_INCREMENT для таблицы `translations`
--
ALTER TABLE `translations`
  MODIFY `id` int(10) UNSIGNED NOT NULL AUTO_INCREMENT;

--
-- AUTO_INCREMENT для таблицы `users`
--
ALTER TABLE `users`
  MODIFY `id` int(10) UNSIGNED NOT NULL AUTO_INCREMENT, AUTO_INCREMENT=30;

--
-- AUTO_INCREMENT для таблицы `user_answer`
--
ALTER TABLE `user_answer`
  MODIFY `id` int(10) UNSIGNED NOT NULL AUTO_INCREMENT, AUTO_INCREMENT=32;

--
-- Ограничения внешнего ключа сохраненных таблиц
--

--
-- Ограничения внешнего ключа таблицы `comments`
--
ALTER TABLE `comments`
  ADD CONSTRAINT `comments_practical_id_foreign` FOREIGN KEY (`practical_id`) REFERENCES `practicals` (`id`) ON DELETE CASCADE ON UPDATE CASCADE,
  ADD CONSTRAINT `comments_practical_user_id_foreign` FOREIGN KEY (`practical_user_id`) REFERENCES `practical_user` (`id`) ON DELETE CASCADE ON UPDATE CASCADE,
  ADD CONSTRAINT `comments_theory_id_foreign` FOREIGN KEY (`theory_id`) REFERENCES `theories` (`id`) ON DELETE CASCADE ON UPDATE CASCADE,
  ADD CONSTRAINT `comments_user_id_foreign` FOREIGN KEY (`user_id`) REFERENCES `users` (`id`) ON DELETE CASCADE ON UPDATE CASCADE;

--
-- Ограничения внешнего ключа таблицы `data_rows`
--
ALTER TABLE `data_rows`
  ADD CONSTRAINT `data_rows_data_type_id_foreign` FOREIGN KEY (`data_type_id`) REFERENCES `data_types` (`id`) ON DELETE CASCADE ON UPDATE CASCADE;

--
-- Ограничения внешнего ключа таблицы `feedbacks`
--
ALTER TABLE `feedbacks`
  ADD CONSTRAINT `feedbacks_user_id_foreign` FOREIGN KEY (`user_id`) REFERENCES `users` (`id`) ON UPDATE CASCADE;

--
-- Ограничения внешнего ключа таблицы `groups`
--
ALTER TABLE `groups`
  ADD CONSTRAINT `groups_program_id_foreign` FOREIGN KEY (`program_id`) REFERENCES `programs` (`id`) ON UPDATE CASCADE;

--
-- Ограничения внешнего ключа таблицы `group_practical`
--
ALTER TABLE `group_practical`
  ADD CONSTRAINT `group_practical_group_id_foreign` FOREIGN KEY (`group_id`) REFERENCES `groups` (`id`) ON DELETE CASCADE ON UPDATE CASCADE,
  ADD CONSTRAINT `group_practical_practical_id_foreign` FOREIGN KEY (`practical_id`) REFERENCES `practicals` (`id`) ON DELETE CASCADE ON UPDATE CASCADE;

--
-- Ограничения внешнего ключа таблицы `group_task`
--
ALTER TABLE `group_task`
  ADD CONSTRAINT `group_task_group_id_foreign` FOREIGN KEY (`group_id`) REFERENCES `groups` (`id`) ON DELETE CASCADE ON UPDATE CASCADE,
  ADD CONSTRAINT `group_task_task_id_foreign` FOREIGN KEY (`task_id`) REFERENCES `tasks` (`id`) ON DELETE CASCADE ON UPDATE CASCADE;

--
-- Ограничения внешнего ключа таблицы `group_user`
--
ALTER TABLE `group_user`
  ADD CONSTRAINT `group_user_group_id_foreign` FOREIGN KEY (`group_id`) REFERENCES `groups` (`id`) ON DELETE CASCADE ON UPDATE CASCADE,
  ADD CONSTRAINT `group_user_user_id_foreign` FOREIGN KEY (`user_id`) REFERENCES `users` (`id`) ON DELETE CASCADE ON UPDATE CASCADE;

--
-- Ограничения внешнего ключа таблицы `menu_items`
--
ALTER TABLE `menu_items`
  ADD CONSTRAINT `menu_items_menu_id_foreign` FOREIGN KEY (`menu_id`) REFERENCES `menus` (`id`) ON DELETE CASCADE;

--
-- Ограничения внешнего ключа таблицы `notices`
--
ALTER TABLE `notices`
  ADD CONSTRAINT `notices_user_id_foreign` FOREIGN KEY (`user_id`) REFERENCES `users` (`id`) ON UPDATE CASCADE;

--
-- Ограничения внешнего ключа таблицы `permission_role`
--
ALTER TABLE `permission_role`
  ADD CONSTRAINT `permission_role_permission_id_foreign` FOREIGN KEY (`permission_id`) REFERENCES `permissions` (`id`) ON DELETE CASCADE,
  ADD CONSTRAINT `permission_role_role_id_foreign` FOREIGN KEY (`role_id`) REFERENCES `roles` (`id`) ON DELETE CASCADE;

--
-- Ограничения внешнего ключа таблицы `practicals`
--
ALTER TABLE `practicals`
  ADD CONSTRAINT `practicals_user_id_foreign` FOREIGN KEY (`user_id`) REFERENCES `users` (`id`) ON DELETE CASCADE ON UPDATE CASCADE;

--
-- Ограничения внешнего ключа таблицы `practical_user`
--
ALTER TABLE `practical_user`
  ADD CONSTRAINT `practical_user_practical_id_foreign` FOREIGN KEY (`practical_id`) REFERENCES `practicals` (`id`) ON DELETE CASCADE ON UPDATE CASCADE,
  ADD CONSTRAINT `practical_user_score_id_foreign` FOREIGN KEY (`score_id`) REFERENCES `scores` (`id`) ON DELETE CASCADE ON UPDATE CASCADE,
  ADD CONSTRAINT `practical_user_user_id_foreign` FOREIGN KEY (`user_id`) REFERENCES `users` (`id`) ON DELETE CASCADE ON UPDATE CASCADE;

--
-- Ограничения внешнего ключа таблицы `questions`
--
ALTER TABLE `questions`
  ADD CONSTRAINT `questions_true_answer_foreign` FOREIGN KEY (`true_answer`) REFERENCES `answers` (`id`) ON DELETE CASCADE ON UPDATE CASCADE;

--
-- Ограничения внешнего ключа таблицы `question_answer`
--
ALTER TABLE `question_answer`
  ADD CONSTRAINT `question_answer_answer_id_foreign` FOREIGN KEY (`answer_id`) REFERENCES `answers` (`id`) ON DELETE CASCADE ON UPDATE CASCADE,
  ADD CONSTRAINT `question_answer_question_id_foreign` FOREIGN KEY (`question_id`) REFERENCES `questions` (`id`) ON DELETE CASCADE ON UPDATE CASCADE;

--
-- Ограничения внешнего ключа таблицы `task_question`
--
ALTER TABLE `task_question`
  ADD CONSTRAINT `task_question_question_id_foreign` FOREIGN KEY (`question_id`) REFERENCES `questions` (`id`) ON DELETE CASCADE ON UPDATE CASCADE,
  ADD CONSTRAINT `task_question_task_id_foreign` FOREIGN KEY (`task_id`) REFERENCES `tasks` (`id`) ON DELETE CASCADE ON UPDATE CASCADE;

--
-- Ограничения внешнего ключа таблицы `users`
--
ALTER TABLE `users`
  ADD CONSTRAINT `users_group_id_foreign` FOREIGN KEY (`group_id`) REFERENCES `groups` (`id`) ON UPDATE CASCADE,
  ADD CONSTRAINT `users_role_id_foreign` FOREIGN KEY (`role_id`) REFERENCES `roles` (`id`);

--
-- Ограничения внешнего ключа таблицы `user_answer`
--
ALTER TABLE `user_answer`
  ADD CONSTRAINT `user_answer_answer_id_foreign` FOREIGN KEY (`answer_id`) REFERENCES `answers` (`id`) ON DELETE CASCADE ON UPDATE CASCADE,
  ADD CONSTRAINT `user_answer_question_id_foreign` FOREIGN KEY (`question_id`) REFERENCES `questions` (`id`) ON DELETE CASCADE ON UPDATE CASCADE,
  ADD CONSTRAINT `user_answer_task_id_foreign` FOREIGN KEY (`task_id`) REFERENCES `tasks` (`id`) ON DELETE CASCADE ON UPDATE CASCADE,
  ADD CONSTRAINT `user_answer_user_id_foreign` FOREIGN KEY (`user_id`) REFERENCES `users` (`id`) ON DELETE CASCADE ON UPDATE CASCADE;

--
-- Ограничения внешнего ключа таблицы `user_roles`
--
ALTER TABLE `user_roles`
  ADD CONSTRAINT `user_roles_role_id_foreign` FOREIGN KEY (`role_id`) REFERENCES `roles` (`id`) ON DELETE CASCADE,
  ADD CONSTRAINT `user_roles_user_id_foreign` FOREIGN KEY (`user_id`) REFERENCES `users` (`id`) ON DELETE CASCADE;
COMMIT;

/*!40101 SET CHARACTER_SET_CLIENT=@OLD_CHARACTER_SET_CLIENT */;
/*!40101 SET CHARACTER_SET_RESULTS=@OLD_CHARACTER_SET_RESULTS */;
/*!40101 SET COLLATION_CONNECTION=@OLD_COLLATION_CONNECTION */;
